l0_mm,group_a,entity_a,group_b,entity_b,adjacent,bbox_lower_bound_mm,distance_mm,common_volume_mm3,reference_common_volume_mm3,excess_common_volume_mm3
67.7,fixed,4010电机,left_proximal_negative,大腿,True,0.0,1.1368683772161603e-13,0.0,0.0,0.0
67.7,fixed,4010电机001,left_proximal_positive,大腿垫高,True,1.4210854715202004e-14,0.0,0.0,0.0,0.0
67.7,fixed,4010电机,left_distal_positive,小腿004,False,0.0,35.9127883011855,0.0,0.0,0.0
67.7,fixed,4010电机001,left_distal_positive,小腿004,False,0.0,1.464821375527116e-14,0.0,0.0,0.0
67.7,fixed,4010电机003,right_proximal_negative,大腿垫高001,True,2.842170943040401e-14,2.842170943040401e-14,0.0,0.0,0.0
67.7,fixed,4010电机002,right_proximal_positive,大腿002,True,1.4210854715202004e-14,1.4210854715202004e-14,0.0,0.0,0.0
67.7,fixed,4010电机002,right_distal_negative,小腿010,False,0.0,35.91278830154265,0.0,0.0,0.0
67.7,fixed,4010电机003,right_distal_negative,小腿010,False,0.0,7.944109290391274e-15,0.0,0.0,0.0
67.7,left_proximal_negative,大腿,left_distal_negative,推力轴承,True,0.0,1.2789769243681803e-13,0.0,0.0,0.0
67.7,left_proximal_negative,大腿,left_distal_negative,小腿001,True,1.0000000000001137,1.000000000000142,0.0,0.0,0.0
67.7,left_proximal_negative,大腿,left_distal_negative,cross recessed pan head screws gb_GB_CROSS_SCREWS_TYPE1 M4X16-16  H type-C,True,0.0,0.09999999961748941,0.0,0.0,0.0
67.7,left_proximal_negative,大腿,left_distal_negative,"hex nuts, style 1-grades ab gb_GB_FASTENER_NUT_SNAB1 M4-C",True,0.0,1.1368683772161603e-13,0.0,0.0,0.0
67.7,left_proximal_negative,大腿,left_distal_positive,小腿004,False,0.0,43.04924037386324,0.0,0.0,0.0
67.7,left_proximal_positive,大腿垫高,left_distal_negative,小腿001,False,0.0,43.049240374219565,0.0,0.0,0.0
67.7,left_proximal_positive,大腿001,left_distal_negative,小腿001,False,0.0,43.04924037421954,0.0,0.0,0.0
67.7,left_proximal_positive,大腿垫高,left_distal_positive,小腿004,True,0.0,6.149346884753215,0.0,0.0,0.0
67.7,left_proximal_positive,大腿001,left_distal_positive,小腿004,True,1.0000000000000995,1.000000000000128,0.0,0.0,0.0
67.7,left_proximal_positive,大腿001,left_distal_positive,推力轴承001,True,0.0,1.4210854715202004e-13,0.0,0.0,0.0
67.7,left_proximal_positive,大腿001,left_distal_positive,cross recessed pan head screws gb_GB_CROSS_SCREWS_TYPE1 M4X16-16  H type-C001,True,0.0,0.09999999953598851,0.0,0.0,0.0
67.7,left_proximal_positive,大腿001,left_distal_positive,"hex nuts, style 1-grades ab gb_GB_FASTENER_NUT_SNAB1 M4-C001",True,0.0,5.684341886080802e-14,0.0,0.0,0.0
67.7,left_distal_negative,小腿001,left_distal_positive,小腿004,True,0.9999999999999858,0.9999999999999858,0.0,0.0,0.0
67.7,left_distal_negative,小腿001,left_wheel,推力轴承002,True,0.0,1.4210854715202004e-14,0.0,0.0,0.0
67.7,left_distal_negative,小腿001,left_wheel,驱动板004,True,0.4999999999998721,0.4999999999998863,0.0,0.0,0.0
67.7,left_distal_negative,小腿001,left_wheel,MISUMI_CBSTSR4-16_内六角螺栓（盖螺栓）,True,0.0,0.0,0.0,0.0,0.0
67.7,left_distal_positive,小腿004,left_wheel,推力轴承002,True,0.0,0.0,0.0,0.0,0.0
67.7,left_distal_positive,小腿004,left_wheel,MISUMI_C-SE604ZZ_不锈钢小径滚珠轴承,True,0.0,1.4210854715202004e-14,0.0,0.0,0.0
67.7,left_distal_positive,小腿004,left_wheel,MISUMI_CBSTSR4-16_内六角螺栓（盖螺栓）,True,0.0,0.09999999939361437,0.0,0.0,0.0
67.7,right_proximal_negative,大腿垫高001,right_distal_negative,小腿010,True,0.0,6.149346884925558,0.0,0.0,0.0
67.7,right_proximal_negative,大腿003,right_distal_negative,推力轴承004,True,0.0,1.4210854715202004e-13,0.0,0.0,0.0
67.7,right_proximal_negative,大腿003,right_distal_negative,小腿009,True,2.0,2.0,0.0,0.0,0.0
67.7,right_proximal_negative,大腿003,right_distal_negative,小腿010,True,1.0,1.0,0.0,0.0,0.0
67.7,right_proximal_negative,大腿003,right_distal_negative,"hex nuts, style 1-grades ab gb_GB_FASTENER_NUT_SNAB1 M4-C005",True,1.1368683772161603e-13,1.4210854715202004e-13,0.0,0.0,0.0
67.7,right_proximal_negative,大腿003,right_distal_negative,cross recessed pan head screws gb_GB_CROSS_SCREWS_TYPE1 M4X16-16  H type-C003,True,0.0,0.09999999964275258,0.0,0.0,0.0
67.7,right_proximal_negative,大腿垫高001,right_distal_positive,小腿007,False,0.0,43.049240373863256,0.0,0.0,0.0
67.7,right_proximal_negative,大腿003,right_distal_positive,小腿007,False,0.0,43.04924037386322,0.0,0.0,0.0
67.7,right_proximal_positive,大腿002,right_distal_negative,小腿010,False,0.0,43.04924037422054,0.0,0.0,0.0
67.7,right_proximal_positive,大腿002,right_distal_positive,推力轴承003,True,0.0,0.0,0.0,0.0,0.0
67.7,right_proximal_positive,大腿002,right_distal_positive,小腿007,True,1.0,1.0000000000000142,0.0,0.0,0.0
67.7,right_proximal_positive,大腿002,right_distal_positive,cross recessed pan head screws gb_GB_CROSS_SCREWS_TYPE1 M4X16-16  H type-C002,True,0.0,0.09999999950499845,0.0,0.0,0.0
67.7,right_proximal_positive,大腿002,right_distal_positive,"hex nuts, style 1-grades ab gb_GB_FASTENER_NUT_SNAB1 M4-C003",True,0.0,1.4210854715202004e-14,0.0,0.0,0.0
67.7,right_distal_negative,小腿010,right_distal_positive,小腿007,True,1.0000000000000142,1.0000000000000142,0.0,0.0,0.0
67.7,right_distal_negative,小腿010,right_wheel,推力轴承005,True,0.0,1.4210854715202004e-14,0.0,0.0,0.0
67.7,right_distal_negative,小腿010,right_wheel,MISUMI_C-SE604ZZ_不锈钢小径滚珠轴承004,True,0.0,1.4210854715202004e-14,0.0,0.0,0.0
67.7,right_distal_negative,小腿010,right_wheel,MISUMI_CBSTSR4-16_内六角螺栓（盖螺栓）001,True,0.0,0.0999999997297914,0.0,0.0,0.0
67.7,right_distal_positive,小腿007,right_wheel,推力轴承005,True,0.0,0.0,0.0,0.0,0.0
67.7,right_distal_positive,小腿007,right_wheel,驱动板005,True,0.4999999999998863,0.49999999999991473,0.0,0.0,0.0
67.7,right_distal_positive,小腿007,right_wheel,MISUMI_CBSTSR4-16_内六角螺栓（盖螺栓）001,True,0.0,0.0,0.0,0.0,0.0
67.71000000000001,fixed,4010电机,left_proximal_negative,大腿,True,0.0,1.1368683772161603e-13,0.0,0.0,0.0
67.71000000000001,fixed,4010电机001,left_proximal_positive,大腿垫高,True,1.4210854715202004e-14,0.0,0.0,0.0,0.0
67.71000000000001,fixed,4010电机,left_distal_positive,小腿004,False,0.0,35.92192762232766,0.0,0.0,0.0
67.71000000000001,fixed,4010电机001,left_distal_positive,小腿004,False,0.0,2.468071628629334e-05,0.0,0.0,0.0
67.71000000000001,fixed,4010电机003,right_proximal_negative,大腿垫高001,True,2.842170943040401e-14,2.842170943040401e-14,0.0,0.0,0.0
67.71000000000001,fixed,4010电机002,right_proximal_positive,大腿002,True,1.4210854715202004e-14,1.4210854715202004e-14,0.0,0.0,0.0
67.71000000000001,fixed,4010电机002,right_distal_negative,小腿010,False,0.0,35.9219276226848,0.0,0.0,0.0
67.71000000000001,fixed,4010电机003,right_distal_negative,小腿010,False,0.0,2.4680717919516157e-05,0.0,0.0,0.0
67.71000000000001,left_proximal_negative,大腿,left_distal_negative,推力轴承,True,0.0,1.2789769243681803e-13,0.0,0.0,0.0
67.71000000000001,left_proximal_negative,大腿,left_distal_negative,小腿001,True,1.0000000000001137,1.000000000000142,0.0,0.0,0.0
67.71000000000001,left_proximal_negative,大腿,left_distal_negative,cross recessed pan head screws gb_GB_CROSS_SCREWS_TYPE1 M4X16-16  H type-C,True,0.0,0.09999999960727443,0.0,0.0,0.0
67.71000000000001,left_proximal_negative,大腿,left_distal_negative,"hex nuts, style 1-grades ab gb_GB_FASTENER_NUT_SNAB1 M4-C",True,0.0,1.1368683772161603e-13,0.0,0.0,0.0
67.71000000000001,left_proximal_negative,大腿,left_distal_positive,小腿004,False,0.0,43.05838304976804,0.0,0.0,0.0
67.71000000000001,left_proximal_positive,大腿垫高,left_distal_negative,小腿001,False,0.0,43.05838305012435,0.0,0.0,0.0
67.71000000000001,left_proximal_positive,大腿001,left_distal_negative,小腿001,False,0.0,43.05838305012433,0.0,0.0,0.0
67.71000000000001,left_proximal_positive,大腿垫高,left_distal_positive,小腿004,True,0.0,6.1570258017441954,0.0,0.0,0.0
67.71000000000001,left_proximal_positive,大腿001,left_distal_positive,小腿004,True,1.0000000000000995,1.000000000000128,0.0,0.0,0.0
67.71000000000001,left_proximal_positive,大腿001,left_distal_positive,推力轴承001,True,0.0,1.4210854715202004e-13,0.0,0.0,0.0
67.71000000000001,left_proximal_positive,大腿001,left_distal_positive,cross recessed pan head screws gb_GB_CROSS_SCREWS_TYPE1 M4X16-16  H type-C001,True,0.0,0.09999999953607991,0.0,0.0,0.0
67.71000000000001,left_proximal_positive,大腿001,left_distal_positive,"hex nuts, style 1-grades ab gb_GB_FASTENER_NUT_SNAB1 M4-C001",True,0.0,5.684341886080802e-14,0.0,0.0,0.0
67.71000000000001,left_distal_negative,小腿001,left_distal_positive,小腿004,True,0.9999999999999858,0.9999999999999858,0.0,0.0,0.0
67.71000000000001,left_distal_negative,小腿001,left_wheel,推力轴承002,True,0.0,1.4210854715202004e-14,0.0,0.0,0.0
67.71000000000001,left_distal_negative,小腿001,left_wheel,驱动板004,True,0.4999999999998721,0.4999999999998863,0.0,0.0,0.0
67.71000000000001,left_distal_negative,小腿001,left_wheel,MISUMI_CBSTSR4-16_内六角螺栓（盖螺栓）,True,0.0,0.0,0.0,0.0,0.0
67.71000000000001,left_distal_positive,小腿004,left_wheel,推力轴承002,True,0.0,0.0,0.0,0.0,0.0
67.71000000000001,left_distal_positive,小腿004,left_wheel,MISUMI_C-SE604ZZ_不锈钢小径滚珠轴承,True,0.0,1.4210854715202004e-14,0.0,0.0,0.0
67.71000000000001,left_distal_positive,小腿004,left_wheel,MISUMI_CBSTSR4-16_内六角螺栓（盖螺栓）,True,0.0,0.09999999939360861,0.0,0.0,0.0
67.71000000000001,right_proximal_negative,大腿垫高001,right_distal_negative,小腿010,True,0.0,6.157025801916518,0.0,0.0,0.0
67.71000000000001,right_proximal_negative,大腿003,right_distal_negative,推力轴承004,True,0.0,1.4210854715202004e-13,0.0,0.0,0.0
67.71000000000001,right_proximal_negative,大腿003,right_distal_negative,小腿009,True,2.0,2.0,0.0,0.0,0.0
67.71000000000001,right_proximal_negative,大腿003,right_distal_negative,小腿010,True,1.0,1.0,0.0,0.0,0.0
67.71000000000001,right_proximal_negative,大腿003,right_distal_negative,"hex nuts, style 1-grades ab gb_GB_FASTENER_NUT_SNAB1 M4-C005",True,1.1368683772161603e-13,1.4210854715202004e-13,0.0,0.0,0.0
67.71000000000001,right_proximal_negative,大腿003,right_distal_negative,cross recessed pan head screws gb_GB_CROSS_SCREWS_TYPE1 M4X16-16  H type-C003,True,0.0,0.09999999964280393,0.0,0.0,0.0
67.71000000000001,right_proximal_negative,大腿垫高001,right_distal_positive,小腿007,False,0.0,43.058383049768054,0.0,0.0,0.0
67.71000000000001,right_proximal_negative,大腿003,right_distal_positive,小腿007,False,0.0,43.05838304976801,0.0,0.0,0.0
67.71000000000001,right_proximal_positive,大腿002,right_distal_negative,小腿010,False,0.0,43.05838305012532,0.0,0.0,0.0
67.71000000000001,right_proximal_positive,大腿002,right_distal_positive,推力轴承003,True,0.0,0.0,0.0,0.0,0.0
67.71000000000001,right_proximal_positive,大腿002,right_distal_positive,小腿007,True,1.0,1.0000000000000142,0.0,0.0,0.0
67.71000000000001,right_proximal_positive,大腿002,right_distal_positive,cross recessed pan head screws gb_GB_CROSS_SCREWS_TYPE1 M4X16-16  H type-C002,True,0.0,0.09999999959289735,0.0,0.0,0.0
67.71000000000001,right_proximal_positive,大腿002,right_distal_positive,"hex nuts, style 1-grades ab gb_GB_FASTENER_NUT_SNAB1 M4-C003",True,0.0,1.4210854715202004e-14,0.0,0.0,0.0
67.71000000000001,right_distal_negative,小腿010,right_distal_positive,小腿007,True,1.0000000000000142,1.0000000000000142,0.0,0.0,0.0
67.71000000000001,right_distal_negative,小腿010,right_wheel,推力轴承005,True,0.0,1.4210854715202004e-14,0.0,0.0,0.0
67.71000000000001,right_distal_negative,小腿010,right_wheel,MISUMI_C-SE604ZZ_不锈钢小径滚珠轴承004,True,0.0,1.4210854715202004e-14,0.0,0.0,0.0
67.71000000000001,right_distal_negative,小腿010,right_wheel,MISUMI_CBSTSR4-16_内六角螺栓（盖螺栓）001,True,0.0,0.09999999972979756,0.0,0.0,0.0
67.71000000000001,right_distal_positive,小腿007,right_wheel,推力轴承005,True,0.0,0.0,0.0,0.0,0.0
67.71000000000001,right_distal_positive,小腿007,right_wheel,驱动板005,True,0.4999999999998863,0.49999999999991473,0.0,0.0,0.0
67.71000000000001,right_distal_positive,小腿007,right_wheel,MISUMI_CBSTSR4-16_内六角螺栓（盖螺栓）001,True,0.0,0.0,0.0,0.0,0.0
67.72,fixed,4010电机,left_proximal_negative,大腿,True,0.0,1.1368683772161603e-13,0.0,0.0,0.0
67.72,fixed,4010电机001,left_proximal_positive,大腿垫高,True,1.4210854715202004e-14,0.0,0.0,0.0,0.0
67.72,fixed,4010电机,left_distal_positive,小腿004,False,0.0,35.93106716662373,0.0,0.0,0.0
67.72,fixed,4010电机001,left_distal_positive,小腿004,False,0.0,0.00010807938653404364,0.0,0.0,0.0
67.72,fixed,4010电机003,right_proximal_negative,大腿垫高001,True,2.842170943040401e-14,2.842170943040401e-14,0.0,0.0,0.0
67.72,fixed,4010电机002,right_proximal_positive,大腿002,True,1.4210854715202004e-14,1.4210854715202004e-14,0.0,0.0,0.0
67.72,fixed,4010电机002,right_distal_negative,小腿010,False,0.0,35.931067166980924,0.0,0.0,0.0
67.72,fixed,4010电机003,right_distal_negative,小腿010,False,0.0,0.00010807938159428816,0.0,0.0,0.0
67.72,left_proximal_negative,大腿,left_distal_negative,推力轴承,True,0.0,1.2789769243681803e-13,0.0,0.0,0.0
67.72,left_proximal_negative,大腿,left_distal_negative,小腿001,True,1.0000000000001137,1.000000000000142,0.0,0.0,0.0
67.72,left_proximal_negative,大腿,left_distal_negative,cross recessed pan head screws gb_GB_CROSS_SCREWS_TYPE1 M4X16-16  H type-C,True,0.0,0.0999999996073649,0.0,0.0,0.0
67.72,left_proximal_negative,大腿,left_distal_negative,"hex nuts, style 1-grades ab gb_GB_FASTENER_NUT_SNAB1 M4-C",True,0.0,1.1368683772161603e-13,0.0,0.0,0.0
67.72,left_proximal_negative,大腿,left_distal_positive,小腿004,False,0.0,43.06752594724726,0.0,0.0,0.0
67.72,left_proximal_positive,大腿垫高,left_distal_negative,小腿001,False,0.0,43.06752594760364,0.0,0.0,0.0
67.72,left_proximal_positive,大腿001,left_distal_negative,小腿001,False,0.0,43.06752594760362,0.0,0.0,0.0
67.72,left_proximal_positive,大腿垫高,left_distal_positive,小腿004,True,0.0,6.164702726313829,0.0,0.0,0.0
67.72,left_proximal_positive,大腿001,left_distal_positive,小腿004,True,1.0000000000000995,1.000000000000128,0.0,0.0,0.0
67.72,left_proximal_positive,大腿001,left_distal_positive,推力轴承001,True,0.0,1.4210854715202004e-13,0.0,0.0,0.0
67.72,left_proximal_positive,大腿001,left_distal_positive,cross recessed pan head screws gb_GB_CROSS_SCREWS_TYPE1 M4X16-16  H type-C001,True,0.0,0.09999999953616825,0.0,0.0,0.0
67.72,left_proximal_positive,大腿001,left_distal_positive,"hex nuts, style 1-grades ab gb_GB_FASTENER_NUT_SNAB1 M4-C001",True,0.0,5.684341886080802e-14,0.0,0.0,0.0
67.72,left_distal_negative,小腿001,left_distal_positive,小腿004,True,0.9999999999999858,0.9999999999999858,0.0,0.0,0.0
67.72,left_distal_negative,小腿001,left_wheel,推力轴承002,True,0.0,1.4210854715202004e-14,0.0,0.0,0.0
67.72,left_distal_negative,小腿001,left_wheel,驱动板004,True,0.4999999999998721,0.4999999999998863,0.0,0.0,0.0
67.72,left_distal_negative,小腿001,left_wheel,MISUMI_CBSTSR4-16_内六角螺栓（盖螺栓）,True,0.0,0.0,0.0,0.0,0.0
67.72,left_distal_positive,小腿004,left_wheel,推力轴承002,True,0.0,0.0,0.0,0.0,0.0
67.72,left_distal_positive,小腿004,left_wheel,MISUMI_C-SE604ZZ_不锈钢小径滚珠轴承,True,0.0,1.4210854715202004e-14,0.0,0.0,0.0
67.72,left_distal_positive,小腿004,left_wheel,MISUMI_CBSTSR4-16_内六角螺栓（盖螺栓）,True,0.0,0.09999999939364247,0.0,0.0,0.0
67.72,right_proximal_negative,大腿垫高001,right_distal_negative,小腿010,True,0.0,6.164702726486138,0.0,0.0,0.0
67.72,right_proximal_negative,大腿003,right_distal_negative,推力轴承004,True,0.0,1.4210854715202004e-13,0.0,0.0,0.0
67.72,right_proximal_negative,大腿003,right_distal_negative,小腿009,True,2.0,2.0,0.0,0.0,0.0
67.72,right_proximal_negative,大腿003,right_distal_negative,小腿010,True,1.0,1.0,0.0,0.0,0.0
67.72,right_proximal_negative,大腿003,right_distal_negative,"hex nuts, style 1-grades ab gb_GB_FASTENER_NUT_SNAB1 M4-C005",True,1.1368683772161603e-13,1.4210854715202004e-13,0.0,0.0,0.0
67.72,right_proximal_negative,大腿003,right_distal_negative,cross recessed pan head screws gb_GB_CROSS_SCREWS_TYPE1 M4X16-16  H type-C003,True,0.0,0.09999999964285014,0.0,0.0,0.0
67.72,right_proximal_negative,大腿垫高001,right_distal_positive,小腿007,False,0.0,43.06752594724728,0.0,0.0,0.0
67.72,right_proximal_negative,大腿003,right_distal_positive,小腿007,False,0.0,43.06752594724725,0.0,0.0,0.0
67.72,right_proximal_positive,大腿002,right_distal_negative,小腿010,False,0.0,43.067525947604615,0.0,0.0,0.0
67.72,right_proximal_positive,大腿002,right_distal_positive,推力轴承003,True,0.0,0.0,0.0,0.0,0.0
67.72,right_proximal_positive,大腿002,right_distal_positive,小腿007,True,1.0,1.0000000000000142,0.0,0.0,0.0
67.72,right_proximal_positive,大腿002,right_distal_positive,cross recessed pan head screws gb_GB_CROSS_SCREWS_TYPE1 M4X16-16  H type-C002,True,0.0,0.09999999959296596,0.0,0.0,0.0
67.72,right_proximal_positive,大腿002,right_distal_positive,"hex nuts, style 1-grades ab gb_GB_FASTENER_NUT_SNAB1 M4-C003",True,0.0,1.4210854715202004e-14,0.0,0.0,0.0
67.72,right_distal_negative,小腿010,right_distal_positive,小腿007,True,1.0000000000000142,1.0000000000000142,0.0,0.0,0.0
67.72,right_distal_negative,小腿010,right_wheel,推力轴承005,True,0.0,1.4210854715202004e-14,0.0,0.0,0.0
67.72,right_distal_negative,小腿010,right_wheel,MISUMI_C-SE604ZZ_不锈钢小径滚珠轴承004,True,0.0,1.4210854715202004e-14,0.0,0.0,0.0
67.72,right_distal_negative,小腿010,right_wheel,MISUMI_CBSTSR4-16_内六角螺栓（盖螺栓）001,True,0.0,0.09999999973851784,0.0,0.0,0.0
67.72,right_distal_positive,小腿007,right_wheel,推力轴承005,True,0.0,0.0,0.0,0.0,0.0
67.72,right_distal_positive,小腿007,right_wheel,驱动板005,True,0.4999999999998863,0.49999999999991473,0.0,0.0,0.0
67.72,right_distal_positive,小腿007,right_wheel,MISUMI_CBSTSR4-16_内六角螺栓（盖螺栓）001,True,0.0,0.0,0.0,0.0,0.0
67.73,fixed,4010电机,left_proximal_negative,大腿,True,0.0,1.1368683772161603e-13,0.0,0.0,0.0
67.73,fixed,4010电机001,left_proximal_positive,大腿垫高,True,1.4210854715202004e-14,0.0,0.0,0.0,0.0
67.73,fixed,4010电机,left_distal_positive,小腿004,False,0.0,35.94020693399079,0.0,0.0,0.0
67.73,fixed,4010电机001,left_distal_positive,小腿004,False,0.0,0.00025034867483548405,0.0,0.0,0.0
67.73,fixed,4010电机003,right_proximal_negative,大腿垫高001,True,2.842170943040401e-14,2.842170943040401e-14,0.0,0.0,0.0
67.73,fixed,4010电机002,right_proximal_positive,大腿002,True,1.4210854715202004e-14,1.4210854715202004e-14,0.0,0.0,0.0
67.73,fixed,4010电机002,right_distal_negative,小腿010,False,0.0,35.94020693434796,0.0,0.0,0.0
67.73,fixed,4010电机003,right_distal_negative,小腿010,False,0.0,0.000250348678687412,0.0,0.0,0.0
67.73,left_proximal_negative,大腿,left_distal_negative,推力轴承,True,0.0,1.2789769243681803e-13,0.0,0.0,0.0
67.73,left_proximal_negative,大腿,left_distal_negative,小腿001,True,1.0000000000001137,1.000000000000142,0.0,0.0,0.0
67.73,left_proximal_negative,大腿,left_distal_negative,cross recessed pan head screws gb_GB_CROSS_SCREWS_TYPE1 M4X16-16  H type-C,True,0.0,0.099999999607434,0.0,0.0,0.0
67.73,left_proximal_negative,大腿,left_distal_negative,"hex nuts, style 1-grades ab gb_GB_FASTENER_NUT_SNAB1 M4-C",True,0.0,1.1368683772161603e-13,0.0,0.0,0.0
67.73,left_proximal_negative,大腿,left_distal_positive,小腿004,False,0.0,43.07666906621912,0.0,0.0,0.0
67.73,left_proximal_positive,大腿垫高,left_distal_negative,小腿001,False,0.0,43.076669066575455,0.0,0.0,0.0
67.73,left_proximal_positive,大腿001,left_distal_negative,小腿001,False,0.0,43.076669066575434,0.0,0.0,0.0
67.73,left_proximal_positive,大腿垫高,left_distal_positive,小腿004,True,0.0,6.172377659315764,0.0,0.0,0.0
67.73,left_proximal_positive,大腿001,left_distal_positive,小腿004,True,1.0000000000000995,1.000000000000128,0.0,0.0,0.0
67.73,left_proximal_positive,大腿001,left_distal_positive,推力轴承001,True,0.0,1.4210854715202004e-13,0.0,0.0,0.0
67.73,left_proximal_positive,大腿001,left_distal_positive,cross recessed pan head screws gb_GB_CROSS_SCREWS_TYPE1 M4X16-16  H type-C001,True,0.0,0.09999999953625242,0.0,0.0,0.0
67.73,left_proximal_positive,大腿001,left_distal_positive,"hex nuts, style 1-grades ab gb_GB_FASTENER_NUT_SNAB1 M4-C001",True,0.0,5.684341886080802e-14,0.0,0.0,0.0
67.73,left_distal_negative,小腿001,left_distal_positive,小腿004,True,0.9999999999999858,0.9999999999999858,0.0,0.0,0.0
67.73,left_distal_negative,小腿001,left_wheel,推力轴承002,True,0.0,1.4210854715202004e-14,0.0,0.0,0.0
67.73,left_distal_negative,小腿001,left_wheel,驱动板004,True,0.4999999999998721,0.4999999999998863,0.0,0.0,0.0
67.73,left_distal_negative,小腿001,left_wheel,MISUMI_CBSTSR4-16_内六角螺栓（盖螺栓）,True,0.0,0.0,0.0,0.0,0.0
67.73,left_distal_positive,小腿004,left_wheel,推力轴承002,True,0.0,0.0,0.0,0.0,0.0
67.73,left_distal_positive,小腿004,left_wheel,MISUMI_C-SE604ZZ_不锈钢小径滚珠轴承,True,0.0,1.4210854715202004e-14,0.0,0.0,0.0
67.73,left_distal_positive,小腿004,left_wheel,MISUMI_CBSTSR4-16_内六角螺栓（盖螺栓）,True,0.0,0.09999999939361937,0.0,0.0,0.0
67.73,right_proximal_negative,大腿垫高001,right_distal_negative,小腿010,True,0.0,6.1723776594880615,0.0,0.0,0.0
67.73,right_proximal_negative,大腿003,right_distal_negative,推力轴承004,True,0.0,1.4210854715202004e-13,0.0,0.0,0.0
67.73,right_proximal_negative,大腿003,right_distal_negative,小腿009,True,2.0,2.0,0.0,0.0,0.0
67.73,right_proximal_negative,大腿003,right_distal_negative,小腿010,True,1.0,1.0,0.0,0.0,0.0
67.73,right_proximal_negative,大腿003,right_distal_negative,"hex nuts, style 1-grades ab gb_GB_FASTENER_NUT_SNAB1 M4-C005",True,1.1368683772161603e-13,1.4210854715202004e-13,0.0,0.0,0.0
67.73,right_proximal_negative,大腿003,right_distal_negative,cross recessed pan head screws gb_GB_CROSS_SCREWS_TYPE1 M4X16-16  H type-C003,True,0.0,0.09999999964290392,0.0,0.0,0.0
67.73,right_proximal_negative,大腿垫高001,right_distal_positive,小腿007,False,0.0,43.07666906621913,0.0,0.0,0.0
67.73,right_proximal_negative,大腿003,right_distal_positive,小腿007,False,0.0,43.0766690662191,0.0,0.0,0.0
67.73,right_proximal_positive,大腿002,right_distal_negative,小腿010,False,0.0,43.07666906657643,0.0,0.0,0.0
67.73,right_proximal_positive,大腿002,right_distal_positive,推力轴承003,True,0.0,0.0,0.0,0.0,0.0
67.73,right_proximal_positive,大腿002,right_distal_positive,小腿007,True,1.0,1.0000000000000142,0.0,0.0,0.0
67.73,right_proximal_positive,大腿002,right_distal_positive,cross recessed pan head screws gb_GB_CROSS_SCREWS_TYPE1 M4X16-16  H type-C002,True,0.0,0.09999999950520962,0.0,0.0,0.0
67.73,right_proximal_positive,大腿002,right_distal_positive,"hex nuts, style 1-grades ab gb_GB_FASTENER_NUT_SNAB1 M4-C003",True,0.0,1.4210854715202004e-14,0.0,0.0,0.0
67.73,right_distal_negative,小腿010,right_distal_positive,小腿007,True,1.0000000000000142,1.0000000000000142,0.0,0.0,0.0
67.73,right_distal_negative,小腿010,right_wheel,推力轴承005,True,0.0,1.4210854715202004e-14,0.0,0.0,0.0
67.73,right_distal_negative,小腿010,right_wheel,MISUMI_C-SE604ZZ_不锈钢小径滚珠轴承004,True,0.0,1.4210854715202004e-14,0.0,0.0,0.0
67.73,right_distal_negative,小腿010,right_wheel,MISUMI_CBSTSR4-16_内六角螺栓（盖螺栓）001,True,0.0,0.09999999973850639,0.0,0.0,0.0
67.73,right_distal_positive,小腿007,right_wheel,推力轴承005,True,0.0,0.0,0.0,0.0,0.0
67.73,right_distal_positive,小腿007,right_wheel,驱动板005,True,0.4999999999998863,0.49999999999991473,0.0,0.0,0.0
67.73,right_distal_positive,小腿007,right_wheel,MISUMI_CBSTSR4-16_内六角螺栓（盖螺栓）001,True,0.0,0.0,0.0,0.0,0.0
67.74000000000001,fixed,4010电机,left_proximal_negative,大腿,True,0.0,1.1368683772161603e-13,0.0,0.0,0.0
67.74000000000001,fixed,4010电机001,left_proximal_positive,大腿垫高,True,1.4210854715202004e-14,0.0,0.0,0.0,0.0
67.74000000000001,fixed,4010电机,left_distal_positive,小腿004,False,0.0,35.94934692434559,0.0,0.0,0.0
67.74000000000001,fixed,4010电机001,left_distal_positive,小腿004,False,0.0,0.0004514174917783835,0.0,0.0,0.0
67.74000000000001,fixed,4010电机003,right_proximal_negative,大腿垫高001,True,2.842170943040401e-14,2.842170943040401e-14,0.0,0.0,0.0
67.74000000000001,fixed,4010电机002,right_proximal_positive,大腿002,True,1.4210854715202004e-14,1.4210854715202004e-14,0.0,0.0,0.0
67.74000000000001,fixed,4010电机002,right_distal_negative,小腿010,False,0.0,35.94934692470277,0.0,0.0,0.0
67.74000000000001,fixed,4010电机003,right_distal_negative,小腿010,False,0.0,0.00045141744466969355,0.0,0.0,0.0
67.74000000000001,left_proximal_negative,大腿,left_distal_negative,推力轴承,True,0.0,1.2789769243681803e-13,0.0,0.0,0.0
67.74000000000001,left_proximal_negative,大腿,left_distal_negative,小腿001,True,1.0000000000001137,1.000000000000142,0.0,0.0,0.0
67.74000000000001,left_proximal_negative,大腿,left_distal_negative,cross recessed pan head screws gb_GB_CROSS_SCREWS_TYPE1 M4X16-16  H type-C,True,0.0,0.09999999960751911,0.0,0.0,0.0
67.74000000000001,left_proximal_negative,大腿,left_distal_negative,"hex nuts, style 1-grades ab gb_GB_FASTENER_NUT_SNAB1 M4-C",True,0.0,1.1368683772161603e-13,0.0,0.0,0.0
67.74000000000001,left_proximal_negative,大腿,left_distal_positive,小腿004,False,0.0,43.0858124066014,0.0,0.0,0.0
67.74000000000001,left_proximal_positive,大腿垫高,left_distal_negative,小腿001,False,0.0,43.08581240695774,0.0,0.0,0.0
67.74000000000001,left_proximal_positive,大腿001,left_distal_negative,小腿001,False,0.0,43.08581240695772,0.0,0.0,0.0
67.74000000000001,left_proximal_positive,大腿垫高,left_distal_positive,小腿004,True,0.0,6.1800506016022485,0.0,0.0,0.0
67.74000000000001,left_proximal_positive,大腿001,left_distal_positive,小腿004,True,1.0000000000000995,1.000000000000128,0.0,0.0,0.0
67.74000000000001,left_proximal_positive,大腿001,left_distal_positive,推力轴承001,True,0.0,1.4210854715202004e-13,0.0,0.0,0.0
67.74000000000001,left_proximal_positive,大腿001,left_distal_positive,cross recessed pan head screws gb_GB_CROSS_SCREWS_TYPE1 M4X16-16  H type-C001,True,0.0,0.09999999953637348,0.0,0.0,0.0
67.74000000000001,left_proximal_positive,大腿001,left_distal_positive,"hex nuts, style 1-grades ab gb_GB_FASTENER_NUT_SNAB1 M4-C001",True,0.0,5.684341886080802e-14,0.0,0.0,0.0
67.74000000000001,left_distal_negative,小腿001,left_distal_positive,小腿004,True,0.9999999999999858,0.9999999999999858,0.0,0.0,0.0
67.74000000000001,left_distal_negative,小腿001,left_wheel,推力轴承002,True,0.0,1.4210854715202004e-14,0.0,0.0,0.0
67.74000000000001,left_distal_negative,小腿001,left_wheel,驱动板004,True,0.4999999999998721,0.4999999999998863,0.0,0.0,0.0
67.74000000000001,left_distal_negative,小腿001,left_wheel,MISUMI_CBSTSR4-16_内六角螺栓（盖螺栓）,True,0.0,0.0,0.0,0.0,0.0
67.74000000000001,left_distal_positive,小腿004,left_wheel,推力轴承002,True,0.0,0.0,0.0,0.0,0.0
67.74000000000001,left_distal_positive,小腿004,left_wheel,MISUMI_C-SE604ZZ_不锈钢小径滚珠轴承,True,0.0,1.4210854715202004e-14,0.0,0.0,0.0
67.74000000000001,left_distal_positive,小腿004,left_wheel,MISUMI_CBSTSR4-16_内六角螺栓（盖螺栓）,True,0.0,0.099999999393604,0.0,0.0,0.0
67.74000000000001,right_proximal_negative,大腿垫高001,right_distal_negative,小腿010,True,0.0,6.180050601774527,0.0,0.0,0.0
67.74000000000001,right_proximal_negative,大腿003,right_distal_negative,推力轴承004,True,0.0,1.4210854715202004e-13,0.0,0.0,0.0
67.74000000000001,right_proximal_negative,大腿003,right_distal_negative,小腿009,True,2.0,2.0,0.0,0.0,0.0
67.74000000000001,right_proximal_negative,大腿003,right_distal_negative,小腿010,True,1.0,1.0,0.0,0.0,0.0
67.74000000000001,right_proximal_negative,大腿003,right_distal_negative,"hex nuts, style 1-grades ab gb_GB_FASTENER_NUT_SNAB1 M4-C005",True,1.1368683772161603e-13,1.4210854715202004e-13,0.0,0.0,0.0
67.74000000000001,right_proximal_negative,大腿003,right_distal_negative,cross recessed pan head screws gb_GB_CROSS_SCREWS_TYPE1 M4X16-16  H type-C003,True,0.0,0.09999999964298129,0.0,0.0,0.0
67.74000000000001,right_proximal_negative,大腿垫高001,right_distal_positive,小腿007,False,0.0,43.085812406601406,0.0,0.0,0.0
67.74000000000001,right_proximal_negative,大腿003,right_distal_positive,小腿007,False,0.0,43.08581240660137,0.0,0.0,0.0
67.74000000000001,right_proximal_positive,大腿002,right_distal_negative,小腿010,False,0.0,43.085812406958716,0.0,0.0,0.0
67.74000000000001,right_proximal_positive,大腿002,right_distal_positive,推力轴承003,True,0.0,0.0,0.0,0.0,0.0
67.74000000000001,right_proximal_positive,大腿002,right_distal_positive,小腿007,True,1.0,1.0000000000000142,0.0,0.0,0.0
67.74000000000001,right_proximal_positive,大腿002,right_distal_positive,cross recessed pan head screws gb_GB_CROSS_SCREWS_TYPE1 M4X16-16  H type-C002,True,0.0,0.09999999964603838,0.0,0.0,0.0
67.74000000000001,right_proximal_positive,大腿002,right_distal_positive,"hex nuts, style 1-grades ab gb_GB_FASTENER_NUT_SNAB1 M4-C003",True,0.0,1.4210854715202004e-14,0.0,0.0,0.0
67.74000000000001,right_distal_negative,小腿010,right_distal_positive,小腿007,True,1.0000000000000142,1.0000000000000142,0.0,0.0,0.0
67.74000000000001,right_distal_negative,小腿010,right_wheel,推力轴承005,True,0.0,1.4210854715202004e-14,0.0,0.0,0.0
67.74000000000001,right_distal_negative,小腿010,right_wheel,MISUMI_C-SE604ZZ_不锈钢小径滚珠轴承004,True,0.0,1.4210854715202004e-14,0.0,0.0,0.0
67.74000000000001,right_distal_negative,小腿010,right_wheel,MISUMI_CBSTSR4-16_内六角螺栓（盖螺栓）001,True,0.0,0.09999999973851864,0.0,0.0,0.0
67.74000000000001,right_distal_positive,小腿007,right_wheel,推力轴承005,True,0.0,0.0,0.0,0.0,0.0
67.74000000000001,right_distal_positive,小腿007,right_wheel,驱动板005,True,0.4999999999998863,0.49999999999991473,0.0,0.0,0.0
67.74000000000001,right_distal_positive,小腿007,right_wheel,MISUMI_CBSTSR4-16_内六角螺栓（盖螺栓）001,True,0.0,0.0,0.0,0.0,0.0
67.75,fixed,4010电机,left_proximal_negative,大腿,True,0.0,1.1368683772161603e-13,0.0,0.0,0.0
67.75,fixed,4010电机001,left_proximal_positive,大腿垫高,True,1.4210854715202004e-14,0.0,0.0,0.0,0.0
67.75,fixed,4010电机,left_distal_positive,小腿004,False,0.0,35.958487137605104,0.0,0.0,0.0
67.75,fixed,4010电机001,left_distal_positive,小腿004,False,0.0,0.0007112049128202116,0.0,0.0,0.0
67.75,fixed,4010电机003,right_proximal_negative,大腿垫高001,True,2.842170943040401e-14,2.842170943040401e-14,0.0,0.0,0.0
67.75,fixed,4010电机002,right_proximal_positive,大腿002,True,1.4210854715202004e-14,1.4210854715202004e-14,0.0,0.0,0.0
67.75,fixed,4010电机002,right_distal_negative,小腿010,False,0.0,35.958487137962315,0.0,0.0,0.0
67.75,fixed,4010电机003,right_distal_negative,小腿010,False,0.0,0.0007112049192954118,0.0,0.0,0.0
67.75,left_proximal_negative,大腿,left_distal_negative,推力轴承,True,0.0,1.2789769243681803e-13,0.0,0.0,0.0
67.75,left_proximal_negative,大腿,left_distal_negative,小腿001,True,1.0000000000001137,1.000000000000142,0.0,0.0,0.0
67.75,left_proximal_negative,大腿,left_distal_negative,cross recessed pan head screws gb_GB_CROSS_SCREWS_TYPE1 M4X16-16  H type-C,True,0.0,0.09999999960755636,0.0,0.0,0.0
67.75,left_proximal_negative,大腿,left_distal_negative,"hex nuts, style 1-grades ab gb_GB_FASTENER_NUT_SNAB1 M4-C",True,0.0,1.1368683772161603e-13,0.0,0.0,0.0
67.75,left_proximal_negative,大腿,left_distal_positive,小腿004,False,0.0,43.094955968312156,0.0,0.0,0.0
67.75,left_proximal_positive,大腿垫高,left_distal_negative,小腿001,False,0.0,43.09495596866854,0.0,0.0,0.0
67.75,left_proximal_positive,大腿001,left_distal_negative,小腿001,False,0.0,43.09495596866853,0.0,0.0,0.0
67.75,left_proximal_positive,大腿垫高,left_distal_positive,小腿004,True,0.0,6.1877215540243125,0.0,0.0,0.0
67.75,left_proximal_positive,大腿001,left_distal_positive,小腿004,True,1.0000000000000995,1.000000000000128,0.0,0.0,0.0
67.75,left_proximal_positive,大腿001,left_distal_positive,推力轴承001,True,0.0,1.4210854715202004e-13,0.0,0.0,0.0
67.75,left_proximal_positive,大腿001,left_distal_positive,cross recessed pan head screws gb_GB_CROSS_SCREWS_TYPE1 M4X16-16  H type-C001,True,0.0,0.09999999953645085,0.0,0.0,0.0
67.75,left_proximal_positive,大腿001,left_distal_positive,"hex nuts, style 1-grades ab gb_GB_FASTENER_NUT_SNAB1 M4-C001",True,0.0,5.684341886080802e-14,0.0,0.0,0.0
67.75,left_distal_negative,小腿001,left_distal_positive,小腿004,True,0.9999999999999858,0.9999999999999858,0.0,0.0,0.0
67.75,left_distal_negative,小腿001,left_wheel,推力轴承002,True,0.0,1.4210854715202004e-14,0.0,0.0,0.0
67.75,left_distal_negative,小腿001,left_wheel,驱动板004,True,0.4999999999998721,0.4999999999998863,0.0,0.0,0.0
67.75,left_distal_negative,小腿001,left_wheel,MISUMI_CBSTSR4-16_内六角螺栓（盖螺栓）,True,0.0,0.0,0.0,0.0,0.0
67.75,left_distal_positive,小腿004,left_wheel,推力轴承002,True,0.0,0.0,0.0,0.0,0.0
67.75,left_distal_positive,小腿004,left_wheel,MISUMI_C-SE604ZZ_不锈钢小径滚珠轴承,True,0.0,1.4210854715202004e-14,0.0,0.0,0.0
67.75,left_distal_positive,小腿004,left_wheel,MISUMI_CBSTSR4-16_内六角螺栓（盖螺栓）,True,0.0,0.09999999939364106,0.0,0.0,0.0
67.75,right_proximal_negative,大腿垫高001,right_distal_negative,小腿010,True,0.0,6.1877215541965915,0.0,0.0,0.0
67.75,right_proximal_negative,大腿003,right_distal_negative,推力轴承004,True,0.0,1.4210854715202004e-13,0.0,0.0,0.0
67.75,right_proximal_negative,大腿003,right_distal_negative,小腿009,True,2.0,2.0,0.0,0.0,0.0
67.75,right_proximal_negative,大腿003,right_distal_negative,小腿010,True,1.0,1.0,0.0,0.0,0.0
67.75,right_proximal_negative,大腿003,right_distal_negative,"hex nuts, style 1-grades ab gb_GB_FASTENER_NUT_SNAB1 M4-C005",True,1.1368683772161603e-13,1.4210854715202004e-13,0.0,0.0,0.0
67.75,right_proximal_negative,大腿003,right_distal_negative,cross recessed pan head screws gb_GB_CROSS_SCREWS_TYPE1 M4X16-16  H type-C003,True,0.0,0.09999999964300112,0.0,0.0,0.0
67.75,right_proximal_negative,大腿垫高001,right_distal_positive,小腿007,False,0.0,43.09495596831216,0.0,0.0,0.0
67.75,right_proximal_negative,大腿003,right_distal_positive,小腿007,False,0.0,43.094955968312135,0.0,0.0,0.0
67.75,right_proximal_positive,大腿002,right_distal_negative,小腿010,False,0.0,43.094955968669524,0.0,0.0,0.0
67.75,right_proximal_positive,大腿002,right_distal_positive,推力轴承003,True,0.0,0.0,0.0,0.0,0.0
67.75,right_proximal_positive,大腿002,right_distal_positive,小腿007,True,1.0,1.0000000000000142,0.0,0.0,0.0
67.75,right_proximal_positive,大腿002,right_distal_positive,cross recessed pan head screws gb_GB_CROSS_SCREWS_TYPE1 M4X16-16  H type-C002,True,0.0,0.09999999964610459,0.0,0.0,0.0
67.75,right_proximal_positive,大腿002,right_distal_positive,"hex nuts, style 1-grades ab gb_GB_FASTENER_NUT_SNAB1 M4-C003",True,0.0,1.4210854715202004e-14,0.0,0.0,0.0
67.75,right_distal_negative,小腿010,right_distal_positive,小腿007,True,1.0000000000000142,1.0000000000000142,0.0,0.0,0.0
67.75,right_distal_negative,小腿010,right_wheel,推力轴承005,True,0.0,1.4210854715202004e-14,0.0,0.0,0.0
67.75,right_distal_negative,小腿010,right_wheel,MISUMI_C-SE604ZZ_不锈钢小径滚珠轴承004,True,0.0,1.4210854715202004e-14,0.0,0.0,0.0
67.75,right_distal_negative,小腿010,right_wheel,MISUMI_CBSTSR4-16_内六角螺栓（盖螺栓）001,True,0.0,0.09999999972980367,0.0,0.0,0.0
67.75,right_distal_positive,小腿007,right_wheel,推力轴承005,True,0.0,0.0,0.0,0.0,0.0
67.75,right_distal_positive,小腿007,right_wheel,驱动板005,True,0.4999999999998863,0.49999999999991473,0.0,0.0,0.0
67.75,right_distal_positive,小腿007,right_wheel,MISUMI_CBSTSR4-16_内六角螺栓（盖螺栓）001,True,0.0,0.0,0.0,0.0,0.0
67.76,fixed,4010电机,left_proximal_negative,大腿,True,0.0,1.1368683772161603e-13,0.0,0.0,0.0
67.76,fixed,4010电机001,left_proximal_positive,大腿垫高,True,1.4210854715202004e-14,0.0,0.0,0.0,0.0
67.76,fixed,4010电机,left_distal_positive,小腿004,False,0.0,35.96762757368637,0.0,0.0,0.0
67.76,fixed,4010电机001,left_distal_positive,小腿004,False,0.0,0.0010296194782449437,0.0,0.0,0.0
67.76,fixed,4010电机003,right_proximal_negative,大腿垫高001,True,2.842170943040401e-14,2.842170943040401e-14,0.0,0.0,0.0
67.76,fixed,4010电机002,right_proximal_positive,大腿002,True,1.4210854715202004e-14,1.4210854715202004e-14,0.0,0.0,0.0
67.76,fixed,4010电机002,right_distal_negative,小腿010,False,0.0,35.967627574043554,0.0,0.0,0.0
67.76,fixed,4010电机003,right_distal_negative,小腿010,False,0.0,0.0010296194860485767,0.0,0.0,0.0
67.76,left_proximal_negative,大腿,left_distal_negative,推力轴承,True,0.0,1.2789769243681803e-13,0.0,0.0,0.0
67.76,left_proximal_negative,大腿,left_distal_negative,小腿001,True,1.0000000000001137,1.000000000000142,0.0,0.0,0.0
67.76,left_proximal_negative,大腿,left_distal_negative,cross recessed pan head screws gb_GB_CROSS_SCREWS_TYPE1 M4X16-16  H type-C,True,0.0,0.09999999960762801,0.0,0.0,0.0
67.76,left_proximal_negative,大腿,left_distal_negative,"hex nuts, style 1-grades ab gb_GB_FASTENER_NUT_SNAB1 M4-C",True,0.0,1.1368683772161603e-13,0.0,0.0,0.0
67.76,left_proximal_negative,大腿,left_distal_positive,小腿004,False,0.0,43.104099751269544,0.0,0.0,0.0
67.76,left_proximal_positive,大腿垫高,left_distal_negative,小腿001,False,0.0,43.104099751625895,0.0,0.0,0.0
67.76,left_proximal_positive,大腿001,left_distal_negative,小腿001,False,0.0,43.10409975162587,0.0,0.0,0.0
67.76,left_proximal_positive,大腿垫高,left_distal_positive,小腿004,True,0.0,6.195390517431719,0.0,0.0,0.0
67.76,left_proximal_positive,大腿001,left_distal_positive,小腿004,True,1.0000000000000995,1.000000000000128,0.0,0.0,0.0
67.76,left_proximal_positive,大腿001,left_distal_positive,推力轴承001,True,0.0,1.4210854715202004e-13,0.0,0.0,0.0
67.76,left_proximal_positive,大腿001,left_distal_positive,cross recessed pan head screws gb_GB_CROSS_SCREWS_TYPE1 M4X16-16  H type-C001,True,0.0,0.0999999995365754,0.0,0.0,0.0
67.76,left_proximal_positive,大腿001,left_distal_positive,"hex nuts, style 1-grades ab gb_GB_FASTENER_NUT_SNAB1 M4-C001",True,0.0,5.684341886080802e-14,0.0,0.0,0.0
67.76,left_distal_negative,小腿001,left_distal_positive,小腿004,True,0.9999999999999858,0.9999999999999858,0.0,0.0,0.0
67.76,left_distal_negative,小腿001,left_wheel,推力轴承002,True,0.0,1.4210854715202004e-14,0.0,0.0,0.0
67.76,left_distal_negative,小腿001,left_wheel,驱动板004,True,0.4999999999998721,0.4999999999998863,0.0,0.0,0.0
67.76,left_distal_negative,小腿001,left_wheel,MISUMI_CBSTSR4-16_内六角螺栓（盖螺栓）,True,0.0,0.0,0.0,0.0,0.0
67.76,left_distal_positive,小腿004,left_wheel,推力轴承002,True,0.0,0.0,0.0,0.0,0.0
67.76,left_distal_positive,小腿004,left_wheel,MISUMI_C-SE604ZZ_不锈钢小径滚珠轴承,True,0.0,1.4210854715202004e-14,0.0,0.0,0.0
67.76,left_distal_positive,小腿004,left_wheel,MISUMI_CBSTSR4-16_内六角螺栓（盖螺栓）,True,0.0,0.09999999939360539,0.0,0.0,0.0
67.76,right_proximal_negative,大腿垫高001,right_distal_negative,小腿010,True,0.0,6.195390517603959,0.0,0.0,0.0
67.76,right_proximal_negative,大腿003,right_distal_negative,推力轴承004,True,0.0,1.4210854715202004e-13,0.0,0.0,0.0
67.76,right_proximal_negative,大腿003,right_distal_negative,小腿009,True,2.0,2.0,0.0,0.0,0.0
67.76,right_proximal_negative,大腿003,right_distal_negative,小腿010,True,1.0,1.0,0.0,0.0,0.0
67.76,right_proximal_negative,大腿003,right_distal_negative,"hex nuts, style 1-grades ab gb_GB_FASTENER_NUT_SNAB1 M4-C005",True,1.1368683772161603e-13,1.4210854715202004e-13,0.0,0.0,0.0
67.76,right_proximal_negative,大腿003,right_distal_negative,cross recessed pan head screws gb_GB_CROSS_SCREWS_TYPE1 M4X16-16  H type-C003,True,0.0,0.09999999964303284,0.0,0.0,0.0
67.76,right_proximal_negative,大腿垫高001,right_distal_positive,小腿007,False,0.0,43.10409975126956,0.0,0.0,0.0
67.76,right_proximal_negative,大腿003,right_distal_positive,小腿007,False,0.0,43.10409975126952,0.0,0.0,0.0
67.76,right_proximal_positive,大腿002,right_distal_negative,小腿010,False,0.0,43.104099751626855,0.0,0.0,0.0
67.76,right_proximal_positive,大腿002,right_distal_positive,推力轴承003,True,0.0,0.0,0.0,0.0,0.0
67.76,right_proximal_positive,大腿002,right_distal_positive,小腿007,True,1.0,1.0000000000000142,0.0,0.0,0.0
67.76,right_proximal_positive,大腿002,right_distal_positive,cross recessed pan head screws gb_GB_CROSS_SCREWS_TYPE1 M4X16-16  H type-C002,True,0.0,0.09999999950547825,0.0,0.0,0.0
67.76,right_proximal_positive,大腿002,right_distal_positive,"hex nuts, style 1-grades ab gb_GB_FASTENER_NUT_SNAB1 M4-C003",True,0.0,1.4210854715202004e-14,0.0,0.0,0.0
67.76,right_distal_negative,小腿010,right_distal_positive,小腿007,True,1.0000000000000142,1.0000000000000142,0.0,0.0,0.0
67.76,right_distal_negative,小腿010,right_wheel,推力轴承005,True,0.0,1.4210854715202004e-14,0.0,0.0,0.0
67.76,right_distal_negative,小腿010,right_wheel,MISUMI_C-SE604ZZ_不锈钢小径滚珠轴承004,True,0.0,1.4210854715202004e-14,0.0,0.0,0.0
67.76,right_distal_negative,小腿010,right_wheel,MISUMI_CBSTSR4-16_内六角螺栓（盖螺栓）001,True,0.0,0.09999999973851358,0.0,0.0,0.0
67.76,right_distal_positive,小腿007,right_wheel,推力轴承005,True,0.0,0.0,0.0,0.0,0.0
67.76,right_distal_positive,小腿007,right_wheel,驱动板005,True,0.4999999999998863,0.49999999999991473,0.0,0.0,0.0
67.76,right_distal_positive,小腿007,right_wheel,MISUMI_CBSTSR4-16_内六角螺栓（盖螺栓）001,True,0.0,0.0,0.0,0.0,0.0
67.77,fixed,4010电机,left_proximal_negative,大腿,True,0.0,1.1368683772161603e-13,0.0,0.0,0.0
67.77,fixed,4010电机001,left_proximal_positive,大腿垫高,True,1.4210854715202004e-14,0.0,0.0,0.0,0.0
67.77,fixed,4010电机,left_distal_positive,小腿004,False,0.0,35.97676823250641,0.0,0.0,0.0
67.77,fixed,4010电机001,left_distal_positive,小腿004,False,0.0,0.001406559559498789,0.0,0.0,0.0
67.77,fixed,4010电机003,right_proximal_negative,大腿垫高001,True,2.842170943040401e-14,2.842170943040401e-14,0.0,0.0,0.0
67.77,fixed,4010电机002,right_proximal_positive,大腿002,True,1.4210854715202004e-14,1.4210854715202004e-14,0.0,0.0,0.0
67.77,fixed,4010电机002,right_distal_negative,小腿010,False,0.0,35.97676823286361,0.0,0.0,0.0
67.77,fixed,4010电机003,right_distal_negative,小腿010,False,0.0,0.0014065595686194848,0.0,0.0,0.0
67.77,left_proximal_negative,大腿,left_distal_negative,推力轴承,True,0.0,1.2789769243681803e-13,0.0,0.0,0.0
67.77,left_proximal_negative,大腿,left_distal_negative,小腿001,True,1.0000000000001137,1.000000000000142,0.0,0.0,0.0
67.77,left_proximal_negative,大腿,left_distal_negative,cross recessed pan head screws gb_GB_CROSS_SCREWS_TYPE1 M4X16-16  H type-C,True,0.0,0.0999999996076984,0.0,0.0,0.0
67.77,left_proximal_negative,大腿,left_distal_negative,"hex nuts, style 1-grades ab gb_GB_FASTENER_NUT_SNAB1 M4-C",True,0.0,1.1368683772161603e-13,0.0,0.0,0.0
67.77,left_proximal_negative,大腿,left_distal_positive,小腿004,False,0.0,43.1132437553916,0.0,0.0,0.0
67.77,left_proximal_positive,大腿垫高,left_distal_negative,小腿001,False,0.0,43.113243755747995,0.0,0.0,0.0
67.77,left_proximal_positive,大腿001,left_distal_negative,小腿001,False,0.0,43.11324375574796,0.0,0.0,0.0
67.77,left_proximal_positive,大腿垫高,left_distal_positive,小腿004,True,0.0,6.2030574926729924,0.0,0.0,0.0
67.77,left_proximal_positive,大腿001,left_distal_positive,小腿004,True,1.0000000000000995,1.000000000000128,0.0,0.0,0.0
67.77,left_proximal_positive,大腿001,left_distal_positive,推力轴承001,True,0.0,1.4210854715202004e-13,0.0,0.0,0.0
67.77,left_proximal_positive,大腿001,left_distal_positive,cross recessed pan head screws gb_GB_CROSS_SCREWS_TYPE1 M4X16-16  H type-C001,True,0.0,0.09999999953666248,0.0,0.0,0.0
67.77,left_proximal_positive,大腿001,left_distal_positive,"hex nuts, style 1-grades ab gb_GB_FASTENER_NUT_SNAB1 M4-C001",True,0.0,5.684341886080802e-14,0.0,0.0,0.0
67.77,left_distal_negative,小腿001,left_distal_positive,小腿004,True,0.9999999999999858,0.9999999999999858,0.0,0.0,0.0
67.77,left_distal_negative,小腿001,left_wheel,推力轴承002,True,0.0,1.4210854715202004e-14,0.0,0.0,0.0
67.77,left_distal_negative,小腿001,left_wheel,驱动板004,True,0.4999999999998721,0.4999999999998863,0.0,0.0,0.0
67.77,left_distal_negative,小腿001,left_wheel,MISUMI_CBSTSR4-16_内六角螺栓（盖螺栓）,True,0.0,0.0,0.0,0.0,0.0
67.77,left_distal_positive,小腿004,left_wheel,推力轴承002,True,0.0,0.0,0.0,0.0,0.0
67.77,left_distal_positive,小腿004,left_wheel,MISUMI_C-SE604ZZ_不锈钢小径滚珠轴承,True,0.0,1.4210854715202004e-14,0.0,0.0,0.0
67.77,left_distal_positive,小腿004,left_wheel,MISUMI_CBSTSR4-16_内六角螺栓（盖螺栓）,True,0.0,0.0999999993936276,0.0,0.0,0.0
67.77,right_proximal_negative,大腿垫高001,right_distal_negative,小腿010,True,0.0,6.2030574928452245,0.0,0.0,0.0
67.77,right_proximal_negative,大腿003,right_distal_negative,推力轴承004,True,0.0,1.4210854715202004e-13,0.0,0.0,0.0
67.77,right_proximal_negative,大腿003,right_distal_negative,小腿009,True,2.0,2.0,0.0,0.0,0.0
67.77,right_proximal_negative,大腿003,right_distal_negative,小腿010,True,1.0,1.0,0.0,0.0,0.0
67.77,right_proximal_negative,大腿003,right_distal_negative,"hex nuts, style 1-grades ab gb_GB_FASTENER_NUT_SNAB1 M4-C005",True,1.1368683772161603e-13,1.4210854715202004e-13,0.0,0.0,0.0
67.77,right_proximal_negative,大腿003,right_distal_negative,cross recessed pan head screws gb_GB_CROSS_SCREWS_TYPE1 M4X16-16  H type-C003,True,0.0,0.09999999964310244,0.0,0.0,0.0
67.77,right_proximal_negative,大腿垫高001,right_distal_positive,小腿007,False,0.0,43.11324375539162,0.0,0.0,0.0
67.77,right_proximal_negative,大腿003,right_distal_positive,小腿007,False,0.0,43.11324375539159,0.0,0.0,0.0
67.77,right_proximal_positive,大腿002,right_distal_negative,小腿010,False,0.0,43.11324375574896,0.0,0.0,0.0
67.77,right_proximal_positive,大腿002,right_distal_positive,推力轴承003,True,0.0,0.0,0.0,0.0,0.0
67.77,right_proximal_positive,大腿002,right_distal_positive,小腿007,True,1.0,1.0000000000000142,0.0,0.0,0.0
67.77,right_proximal_positive,大腿002,right_distal_positive,cross recessed pan head screws gb_GB_CROSS_SCREWS_TYPE1 M4X16-16  H type-C002,True,0.0,0.09999999950554911,0.0,0.0,0.0
67.77,right_proximal_positive,大腿002,right_distal_positive,"hex nuts, style 1-grades ab gb_GB_FASTENER_NUT_SNAB1 M4-C003",True,0.0,1.4210854715202004e-14,0.0,0.0,0.0
67.77,right_distal_negative,小腿010,right_distal_positive,小腿007,True,1.0000000000000142,1.0000000000000142,0.0,0.0,0.0
67.77,right_distal_negative,小腿010,right_wheel,推力轴承005,True,0.0,1.4210854715202004e-14,0.0,0.0,0.0
67.77,right_distal_negative,小腿010,right_wheel,MISUMI_C-SE604ZZ_不锈钢小径滚珠轴承004,True,0.0,1.4210854715202004e-14,0.0,0.0,0.0
67.77,right_distal_negative,小腿010,right_wheel,MISUMI_CBSTSR4-16_内六角螺栓（盖螺栓）001,True,0.0,0.09999999973849476,0.0,0.0,0.0
67.77,right_distal_positive,小腿007,right_wheel,推力轴承005,True,0.0,0.0,0.0,0.0,0.0
67.77,right_distal_positive,小腿007,right_wheel,驱动板005,True,0.4999999999998863,0.49999999999991473,0.0,0.0,0.0
67.77,right_distal_positive,小腿007,right_wheel,MISUMI_CBSTSR4-16_内六角螺栓（盖螺栓）001,True,0.0,0.0,0.0,0.0,0.0
67.78,fixed,4010电机,left_proximal_negative,大腿,True,0.0,1.1368683772161603e-13,0.0,0.0,0.0
67.78,fixed,4010电机001,left_proximal_positive,大腿垫高,True,1.4210854715202004e-14,0.0,0.0,0.0,0.0
67.78,fixed,4010电机,left_distal_positive,小腿004,False,0.0,35.98590911398232,0.0,0.0,0.0
67.78,fixed,4010电机001,left_distal_positive,小腿004,False,0.0,0.0018419135021718917,0.0,0.0,0.0
67.78,fixed,4010电机003,right_proximal_negative,大腿垫高001,True,2.842170943040401e-14,2.842170943040401e-14,0.0,0.0,0.0
67.78,fixed,4010电机002,right_proximal_positive,大腿002,True,1.4210854715202004e-14,1.4210854715202004e-14,0.0,0.0,0.0
67.78,fixed,4010电机002,right_distal_negative,小腿010,False,0.0,35.9859091143395,0.0,0.0,0.0
67.78,fixed,4010电机003,right_distal_negative,小腿010,False,0.0,0.0018419135126124717,0.0,0.0,0.0
67.78,left_proximal_negative,大腿,left_distal_negative,推力轴承,True,0.0,1.2789769243681803e-13,0.0,0.0,0.0
67.78,left_proximal_negative,大腿,left_distal_negative,小腿001,True,1.0000000000001137,1.000000000000142,0.0,0.0,0.0
67.78,left_proximal_negative,大腿,left_distal_negative,cross recessed pan head screws gb_GB_CROSS_SCREWS_TYPE1 M4X16-16  H type-C,True,0.0,0.09999999960778744,0.0,0.0,0.0
67.78,left_proximal_negative,大腿,left_distal_negative,"hex nuts, style 1-grades ab gb_GB_FASTENER_NUT_SNAB1 M4-C",True,0.0,1.1368683772161603e-13,0.0,0.0,0.0
67.78,left_proximal_negative,大腿,left_distal_positive,小腿004,False,0.0,43.122387980596585,0.0,0.0,0.0
67.78,left_proximal_positive,大腿垫高,left_distal_negative,小腿001,False,0.0,43.12238798095294,0.0,0.0,0.0
67.78,left_proximal_positive,大腿001,left_distal_negative,小腿001,False,0.0,43.1223879809529,0.0,0.0,0.0
67.78,left_proximal_positive,大腿垫高,left_distal_positive,小腿004,True,0.0,6.21072248059537,0.0,0.0,0.0
67.78,left_proximal_positive,大腿001,left_distal_positive,小腿004,True,1.0000000000000995,1.000000000000128,0.0,0.0,0.0
67.78,left_proximal_positive,大腿001,left_distal_positive,推力轴承001,True,0.0,1.4210854715202004e-13,0.0,0.0,0.0
67.78,left_proximal_positive,大腿001,left_distal_positive,cross recessed pan head screws gb_GB_CROSS_SCREWS_TYPE1 M4X16-16  H type-C001,True,0.0,0.09999999953676447,0.0,0.0,0.0
67.78,left_proximal_positive,大腿001,left_distal_positive,"hex nuts, style 1-grades ab gb_GB_FASTENER_NUT_SNAB1 M4-C001",True,0.0,5.684341886080802e-14,0.0,0.0,0.0
67.78,left_distal_negative,小腿001,left_distal_positive,小腿004,True,0.9999999999999858,0.9999999999999858,0.0,0.0,0.0
67.78,left_distal_negative,小腿001,left_wheel,推力轴承002,True,0.0,1.4210854715202004e-14,0.0,0.0,0.0
67.78,left_distal_negative,小腿001,left_wheel,驱动板004,True,0.4999999999998721,0.4999999999998863,0.0,0.0,0.0
67.78,left_distal_negative,小腿001,left_wheel,MISUMI_CBSTSR4-16_内六角螺栓（盖螺栓）,True,0.0,0.0,0.0,0.0,0.0
67.78,left_distal_positive,小腿004,left_wheel,推力轴承002,True,0.0,0.0,0.0,0.0,0.0
67.78,left_distal_positive,小腿004,left_wheel,MISUMI_C-SE604ZZ_不锈钢小径滚珠轴承,True,0.0,1.4210854715202004e-14,0.0,0.0,0.0
67.78,left_distal_positive,小腿004,left_wheel,MISUMI_CBSTSR4-16_内六角螺栓（盖螺栓）,True,0.0,0.09999999939359716,0.0,0.0,0.0
67.78,right_proximal_negative,大腿垫高001,right_distal_negative,小腿010,True,0.0,6.210722480767554,0.0,0.0,0.0
67.78,right_proximal_negative,大腿003,right_distal_negative,推力轴承004,True,0.0,1.4210854715202004e-13,0.0,0.0,0.0
67.78,right_proximal_negative,大腿003,right_distal_negative,小腿009,True,2.0,2.0,0.0,0.0,0.0
67.78,right_proximal_negative,大腿003,right_distal_negative,小腿010,True,1.0,1.0,0.0,0.0,0.0
67.78,right_proximal_negative,大腿003,right_distal_negative,"hex nuts, style 1-grades ab gb_GB_FASTENER_NUT_SNAB1 M4-C005",True,1.1368683772161603e-13,1.4210854715202004e-13,0.0,0.0,0.0
67.78,right_proximal_negative,大腿003,right_distal_negative,cross recessed pan head screws gb_GB_CROSS_SCREWS_TYPE1 M4X16-16  H type-C003,True,0.0,0.09999999964314855,0.0,0.0,0.0
67.78,right_proximal_negative,大腿垫高001,right_distal_positive,小腿007,False,0.0,43.122387980596606,0.0,0.0,0.0
67.78,right_proximal_negative,大腿003,right_distal_positive,小腿007,False,0.0,43.122387980596564,0.0,0.0,0.0
67.78,right_proximal_positive,大腿002,right_distal_negative,小腿010,False,0.0,43.1223879809539,0.0,0.0,0.0
67.78,right_proximal_positive,大腿002,right_distal_positive,推力轴承003,True,0.0,0.0,0.0,0.0,0.0
67.78,right_proximal_positive,大腿002,right_distal_positive,小腿007,True,1.0,1.0000000000000142,0.0,0.0,0.0
67.78,right_proximal_positive,大腿002,right_distal_positive,cross recessed pan head screws gb_GB_CROSS_SCREWS_TYPE1 M4X16-16  H type-C002,True,0.0,0.09999999964629534,0.0,0.0,0.0
67.78,right_proximal_positive,大腿002,right_distal_positive,"hex nuts, style 1-grades ab gb_GB_FASTENER_NUT_SNAB1 M4-C003",True,0.0,1.4210854715202004e-14,0.0,0.0,0.0
67.78,right_distal_negative,小腿010,right_distal_positive,小腿007,True,1.0000000000000142,1.0000000000000142,0.0,0.0,0.0
67.78,right_distal_negative,小腿010,right_wheel,推力轴承005,True,0.0,1.4210854715202004e-14,0.0,0.0,0.0
67.78,right_distal_negative,小腿010,right_wheel,MISUMI_C-SE604ZZ_不锈钢小径滚珠轴承004,True,0.0,1.4210854715202004e-14,0.0,0.0,0.0
67.78,right_distal_negative,小腿010,right_wheel,MISUMI_CBSTSR4-16_内六角螺栓（盖螺栓）001,True,0.0,0.09999999973852151,0.0,0.0,0.0
67.78,right_distal_positive,小腿007,right_wheel,推力轴承005,True,0.0,0.0,0.0,0.0,0.0
67.78,right_distal_positive,小腿007,right_wheel,驱动板005,True,0.4999999999998863,0.49999999999991473,0.0,0.0,0.0
67.78,right_distal_positive,小腿007,right_wheel,MISUMI_CBSTSR4-16_内六角螺栓（盖螺栓）001,True,0.0,0.0,0.0,0.0,0.0
67.79,fixed,4010电机,left_proximal_negative,大腿,True,0.0,1.1368683772161603e-13,0.0,0.0,0.0
67.79,fixed,4010电机001,left_proximal_positive,大腿垫高,True,1.4210854715202004e-14,0.0,0.0,0.0,0.0
67.79,fixed,4010电机,left_distal_positive,小腿004,False,0.0,35.99505021803109,0.0,0.0,0.0
67.79,fixed,4010电机001,left_distal_positive,小腿004,False,0.0,0.002335559657811039,0.0,0.0,0.0
67.79,fixed,4010电机003,right_proximal_negative,大腿垫高001,True,2.842170943040401e-14,2.842170943040401e-14,0.0,0.0,0.0
67.79,fixed,4010电机002,right_proximal_positive,大腿002,True,1.4210854715202004e-14,1.4210854715202004e-14,0.0,0.0,0.0
67.79,fixed,4010电机002,right_distal_negative,小腿010,False,0.0,35.99505021838832,0.0,0.0,0.0
67.79,fixed,4010电机003,right_distal_negative,小腿010,False,0.0,0.0023355596695605815,0.0,0.0,0.0
67.79,left_proximal_negative,大腿,left_distal_negative,推力轴承,True,0.0,1.2789769243681803e-13,0.0,0.0,0.0
67.79,left_proximal_negative,大腿,left_distal_negative,小腿001,True,1.0000000000001137,1.000000000000142,0.0,0.0,0.0
67.79,left_proximal_negative,大腿,left_distal_negative,cross recessed pan head screws gb_GB_CROSS_SCREWS_TYPE1 M4X16-16  H type-C,True,0.0,0.09999999960785672,0.0,0.0,0.0
67.79,left_proximal_negative,大腿,left_distal_negative,"hex nuts, style 1-grades ab gb_GB_FASTENER_NUT_SNAB1 M4-C",True,0.0,1.1368683772161603e-13,0.0,0.0,0.0
67.79,left_proximal_negative,大腿,left_distal_positive,小腿004,False,0.0,43.13153242680249,0.0,0.0,0.0
67.79,left_proximal_positive,大腿垫高,left_distal_negative,小腿001,False,0.0,43.131532427158895,0.0,0.0,0.0
67.79,left_proximal_positive,大腿001,left_distal_negative,小腿001,False,0.0,43.131532427158874,0.0,0.0,0.0
67.79,left_proximal_positive,大腿垫高,left_distal_positive,小腿004,True,0.0,6.218385482044776,0.0,0.0,0.0
67.79,left_proximal_positive,大腿001,left_distal_positive,小腿004,True,1.0000000000000995,1.000000000000128,0.0,0.0,0.0
67.79,left_proximal_positive,大腿001,left_distal_positive,推力轴承001,True,0.0,1.4210854715202004e-13,0.0,0.0,0.0
67.79,left_proximal_positive,大腿001,left_distal_positive,cross recessed pan head screws gb_GB_CROSS_SCREWS_TYPE1 M4X16-16  H type-C001,True,0.0,0.09999999953684094,0.0,0.0,0.0
67.79,left_proximal_positive,大腿001,left_distal_positive,"hex nuts, style 1-grades ab gb_GB_FASTENER_NUT_SNAB1 M4-C001",True,0.0,5.684341886080802e-14,0.0,0.0,0.0
67.79,left_distal_negative,小腿001,left_distal_positive,小腿004,True,0.9999999999999858,0.9999999999999858,0.0,0.0,0.0
67.79,left_distal_negative,小腿001,left_wheel,推力轴承002,True,0.0,1.4210854715202004e-14,0.0,0.0,0.0
67.79,left_distal_negative,小腿001,left_wheel,驱动板004,True,0.4999999999998721,0.4999999999998863,0.0,0.0,0.0
67.79,left_distal_negative,小腿001,left_wheel,MISUMI_CBSTSR4-16_内六角螺栓（盖螺栓）,True,0.0,0.0,0.0,0.0,0.0
67.79,left_distal_positive,小腿004,left_wheel,推力轴承002,True,0.0,0.0,0.0,0.0,0.0
67.79,left_distal_positive,小腿004,left_wheel,MISUMI_C-SE604ZZ_不锈钢小径滚珠轴承,True,0.0,1.4210854715202004e-14,0.0,0.0,0.0
67.79,left_distal_positive,小腿004,left_wheel,MISUMI_CBSTSR4-16_内六角螺栓（盖螺栓）,True,0.0,0.09999999939363874,0.0,0.0,0.0
67.79,right_proximal_negative,大腿垫高001,right_distal_negative,小腿010,True,0.0,6.218385482216984,0.0,0.0,0.0
67.79,right_proximal_negative,大腿003,right_distal_negative,推力轴承004,True,0.0,1.4210854715202004e-13,0.0,0.0,0.0
67.79,right_proximal_negative,大腿003,right_distal_negative,小腿009,True,2.0,2.0,0.0,0.0,0.0
67.79,right_proximal_negative,大腿003,right_distal_negative,小腿010,True,1.0,1.0,0.0,0.0,0.0
67.79,right_proximal_negative,大腿003,right_distal_negative,"hex nuts, style 1-grades ab gb_GB_FASTENER_NUT_SNAB1 M4-C005",True,1.1368683772161603e-13,1.4210854715202004e-13,0.0,0.0,0.0
67.79,right_proximal_negative,大腿003,right_distal_negative,cross recessed pan head screws gb_GB_CROSS_SCREWS_TYPE1 M4X16-16  H type-C003,True,0.0,0.09999999964321254,0.0,0.0,0.0
67.79,right_proximal_negative,大腿垫高001,right_distal_positive,小腿007,False,0.0,43.1315324268025,0.0,0.0,0.0
67.79,right_proximal_negative,大腿003,right_distal_positive,小腿007,False,0.0,43.131532426802465,0.0,0.0,0.0
67.79,right_proximal_positive,大腿002,right_distal_negative,小腿010,False,0.0,43.13153242715987,0.0,0.0,0.0
67.79,right_proximal_positive,大腿002,right_distal_positive,推力轴承003,True,0.0,0.0,0.0,0.0,0.0
67.79,right_proximal_positive,大腿002,right_distal_positive,小腿007,True,1.0,1.0000000000000142,0.0,0.0,0.0
67.79,right_proximal_positive,大腿002,right_distal_positive,cross recessed pan head screws gb_GB_CROSS_SCREWS_TYPE1 M4X16-16  H type-C002,True,0.0,0.09999999950572279,0.0,0.0,0.0
67.79,right_proximal_positive,大腿002,right_distal_positive,"hex nuts, style 1-grades ab gb_GB_FASTENER_NUT_SNAB1 M4-C003",True,0.0,1.4210854715202004e-14,0.0,0.0,0.0
67.79,right_distal_negative,小腿010,right_distal_positive,小腿007,True,1.0000000000000142,1.0000000000000142,0.0,0.0,0.0
67.79,right_distal_negative,小腿010,right_wheel,推力轴承005,True,0.0,1.4210854715202004e-14,0.0,0.0,0.0
67.79,right_distal_negative,小腿010,right_wheel,MISUMI_C-SE604ZZ_不锈钢小径滚珠轴承004,True,0.0,1.4210854715202004e-14,0.0,0.0,0.0
67.79,right_distal_negative,小腿010,right_wheel,MISUMI_CBSTSR4-16_内六角螺栓（盖螺栓）001,True,0.0,0.09999999973850907,0.0,0.0,0.0
67.79,right_distal_positive,小腿007,right_wheel,推力轴承005,True,0.0,0.0,0.0,0.0,0.0
67.79,right_distal_positive,小腿007,right_wheel,驱动板005,True,0.4999999999998863,0.49999999999991473,0.0,0.0,0.0
67.79,right_distal_positive,小腿007,right_wheel,MISUMI_CBSTSR4-16_内六角螺栓（盖螺栓）001,True,0.0,0.0,0.0,0.0,0.0
67.8,fixed,4010电机,left_proximal_negative,大腿,True,0.0,1.1368683772161603e-13,0.0,0.0,0.0
67.8,fixed,4010电机001,left_proximal_positive,大腿垫高,True,1.4210854715202004e-14,0.0,0.0,0.0,0.0
67.8,fixed,4010电机,left_distal_positive,小腿004,False,0.0,36.00419154457001,0.0,0.0,0.0
67.8,fixed,4010电机001,left_distal_positive,小腿004,False,0.0,0.0028873664762753544,0.0,0.0,0.0
67.8,fixed,4010电机003,right_proximal_negative,大腿垫高001,True,2.842170943040401e-14,2.842170943040401e-14,0.0,0.0,0.0
67.8,fixed,4010电机002,right_proximal_positive,大腿002,True,1.4210854715202004e-14,1.4210854715202004e-14,0.0,0.0,0.0
67.8,fixed,4010电机002,right_distal_negative,小腿010,False,0.0,36.00419154492726,0.0,0.0,0.0
67.8,fixed,4010电机003,right_distal_negative,小腿010,False,0.0,0.002887366489325097,0.0,0.0,0.0
67.8,left_proximal_negative,大腿,left_distal_negative,推力轴承,True,0.0,1.2789769243681803e-13,0.0,0.0,0.0
67.8,left_proximal_negative,大腿,left_distal_negative,小腿001,True,1.0000000000001137,1.000000000000142,0.0,0.0,0.0
67.8,left_proximal_negative,大腿,left_distal_negative,cross recessed pan head screws gb_GB_CROSS_SCREWS_TYPE1 M4X16-16  H type-C,True,0.0,0.09999999960791556,0.0,0.0,0.0
67.8,left_proximal_negative,大腿,left_distal_negative,"hex nuts, style 1-grades ab gb_GB_FASTENER_NUT_SNAB1 M4-C",True,0.0,1.1368683772161603e-13,0.0,0.0,0.0
67.8,left_proximal_negative,大腿,left_distal_positive,小腿004,False,0.0,43.14067709392773,0.0,0.0,0.0
67.8,left_proximal_positive,大腿垫高,left_distal_negative,小腿001,False,0.0,43.14067709428413,0.0,0.0,0.0
67.8,left_proximal_positive,大腿001,left_distal_negative,小腿001,False,0.0,43.1406770942841,0.0,0.0,0.0
67.8,left_proximal_positive,大腿垫高,left_distal_positive,小腿004,True,0.0,6.226046497866012,0.0,0.0,0.0
67.8,left_proximal_positive,大腿001,left_distal_positive,小腿004,True,1.0000000000000995,1.000000000000128,0.0,0.0,0.0
67.8,left_proximal_positive,大腿001,left_distal_positive,推力轴承001,True,0.0,1.4210854715202004e-13,0.0,0.0,0.0
67.8,left_proximal_positive,大腿001,left_distal_positive,cross recessed pan head screws gb_GB_CROSS_SCREWS_TYPE1 M4X16-16  H type-C001,True,0.0,0.09999999953694018,0.0,0.0,0.0
67.8,left_proximal_positive,大腿001,left_distal_positive,"hex nuts, style 1-grades ab gb_GB_FASTENER_NUT_SNAB1 M4-C001",True,0.0,5.684341886080802e-14,0.0,0.0,0.0
67.8,left_distal_negative,小腿001,left_distal_positive,小腿004,True,0.9999999999999858,0.9999999999999858,0.0,0.0,0.0
67.8,left_distal_negative,小腿001,left_wheel,推力轴承002,True,0.0,1.4210854715202004e-14,0.0,0.0,0.0
67.8,left_distal_negative,小腿001,left_wheel,驱动板004,True,0.4999999999998721,0.4999999999998863,0.0,0.0,0.0
67.8,left_distal_negative,小腿001,left_wheel,MISUMI_CBSTSR4-16_内六角螺栓（盖螺栓）,True,0.0,0.0,0.0,0.0,0.0
67.8,left_distal_positive,小腿004,left_wheel,推力轴承002,True,0.0,0.0,0.0,0.0,0.0
67.8,left_distal_positive,小腿004,left_wheel,MISUMI_C-SE604ZZ_不锈钢小径滚珠轴承,True,0.0,1.4210854715202004e-14,0.0,0.0,0.0
67.8,left_distal_positive,小腿004,left_wheel,MISUMI_CBSTSR4-16_内六角螺栓（盖螺栓）,True,0.0,0.09999999939361885,0.0,0.0,0.0
67.8,right_proximal_negative,大腿垫高001,right_distal_negative,小腿010,True,0.0,6.226046498038199,0.0,0.0,0.0
67.8,right_proximal_negative,大腿003,right_distal_negative,推力轴承004,True,0.0,1.4210854715202004e-13,0.0,0.0,0.0
67.8,right_proximal_negative,大腿003,right_distal_negative,小腿009,True,2.0,2.0,0.0,0.0,0.0
67.8,right_proximal_negative,大腿003,right_distal_negative,小腿010,True,1.0,1.0,0.0,0.0,0.0
67.8,right_proximal_negative,大腿003,right_distal_negative,"hex nuts, style 1-grades ab gb_GB_FASTENER_NUT_SNAB1 M4-C005",True,1.1368683772161603e-13,1.4210854715202004e-13,0.0,0.0,0.0
67.8,right_proximal_negative,大腿003,right_distal_negative,cross recessed pan head screws gb_GB_CROSS_SCREWS_TYPE1 M4X16-16  H type-C003,True,0.0,0.09999999964326026,0.0,0.0,0.0
67.8,right_proximal_negative,大腿垫高001,right_distal_positive,小腿007,False,0.0,43.14067709392775,0.0,0.0,0.0
67.8,right_proximal_negative,大腿003,right_distal_positive,小腿007,False,0.0,43.14067709392771,0.0,0.0,0.0
67.8,right_proximal_positive,大腿002,right_distal_negative,小腿010,False,0.0,43.14067709428511,0.0,0.0,0.0
67.8,right_proximal_positive,大腿002,right_distal_positive,推力轴承003,True,0.0,0.0,0.0,0.0,0.0
67.8,right_proximal_positive,大腿002,right_distal_positive,小腿007,True,1.0,1.0000000000000142,0.0,0.0,0.0
67.8,right_proximal_positive,大腿002,right_distal_positive,cross recessed pan head screws gb_GB_CROSS_SCREWS_TYPE1 M4X16-16  H type-C002,True,0.0,0.09999999964640365,0.0,0.0,0.0
67.8,right_proximal_positive,大腿002,right_distal_positive,"hex nuts, style 1-grades ab gb_GB_FASTENER_NUT_SNAB1 M4-C003",True,0.0,1.4210854715202004e-14,0.0,0.0,0.0
67.8,right_distal_negative,小腿010,right_distal_positive,小腿007,True,1.0000000000000142,1.0000000000000142,0.0,0.0,0.0
67.8,right_distal_negative,小腿010,right_wheel,推力轴承005,True,0.0,1.4210854715202004e-14,0.0,0.0,0.0
67.8,right_distal_negative,小腿010,right_wheel,MISUMI_C-SE604ZZ_不锈钢小径滚珠轴承004,True,0.0,1.4210854715202004e-14,0.0,0.0,0.0
67.8,right_distal_negative,小腿010,right_wheel,MISUMI_CBSTSR4-16_内六角螺栓（盖螺栓）001,True,0.0,0.09999999973851127,0.0,0.0,0.0
67.8,right_distal_positive,小腿007,right_wheel,推力轴承005,True,0.0,0.0,0.0,0.0,0.0
67.8,right_distal_positive,小腿007,right_wheel,驱动板005,True,0.4999999999998863,0.49999999999991473,0.0,0.0,0.0
67.8,right_distal_positive,小腿007,right_wheel,MISUMI_CBSTSR4-16_内六角螺栓（盖螺栓）001,True,0.0,0.0,0.0,0.0,0.0
