zone,l0_mm,phi1_deg,phi4_deg,theta_bc_deg,theta_dc_deg,ax_mm,ay_mm,bx_mm,by_mm,cx_mm,cy_mm,dx_mm,dy_mm,ex_mm,ey_mm
short_end_exploration,47.0,223.69789172525046,-43.69789172525055,50.950138590309976,129.04986140968998,0.0,0.0,-36.14962836807005,-34.542790403359504,30.000000000000018,47.0,96.14962836807001,-34.542790403359554,60.0,0.0
short_end_exploration,48.0,218.05313589959127,-38.05313589959127,48.6478296491361,131.35217035086387,0.0,0.0,-39.3719726291787,-30.819600440096615,30.000000000000004,48.000000000000014,99.3719726291787,-30.819600440096618,60.0,0.0
short_end_exploration,49.0,213.9242358774545,-33.92423587745451,47.090223769989485,132.9097762300105,0.0,0.0,-41.48881434879603,-27.904807541553417,30.000000000000014,49.0,101.48881434879601,-27.904807541553442,60.0,0.0
short_end_exploration,50.0,210.54983148721016,-30.549831487210167,45.90871706803291,134.09128293196707,0.0,0.0,-43.0593708283888,-25.414377502966698,30.000000000000004,50.0,103.0593708283888,-25.4143775029667,60.0,0.0
short_end_exploration,51.0,207.64725340857794,-27.647253408577935,44.96538095353527,135.03461904646474,0.0,0.0,-44.29105924388968,-23.201337699672713,30.000000000000004,51.0,104.29105924388968,-23.20133769967272,60.0,0.0
short_end_exploration,52.0,205.0742746322778,-25.07427463227778,44.19033691427184,135.80966308572818,0.0,0.0,-45.287958501469824,-21.189639326075092,30.0,52.00000000000001,105.28795850146983,-21.189639326075078,60.0,0.0
short_end_exploration,53.0,202.74737146272548,-22.74737146272546,43.54229382150047,136.45770617849954,0.0,0.0,-46.110935584783434,-19.33343268785842,29.999999999999993,53.000000000000014,106.11093558478343,-19.333432687858405,60.0,0.0
short_end_exploration,54.0,200.6125589573,-20.612558957299992,42.994414221499405,137.0055857785006,0.0,0.0,-46.79911956337784,-17.602340983308583,30.000000000000004,54.00000000000001,106.79911956337784,-17.60234098330859,60.0,0.0
short_end_exploration,55.0,198.63257079351956,-18.63257079351956,42.52807897968105,137.47192102031894,0.0,0.0,-47.379346942611996,-15.974901667666183,29.999999999999993,54.99999999999999,107.37934694261199,-15.974901667666186,60.0,0.0
short_end_exploration,56.0,196.78041272994832,-16.780412729948292,42.12974088503561,137.8702591149644,0.0,0.0,-47.87091253398452,-14.435225428222576,30.000000000000007,55.99999999999998,107.87091253398454,-14.435225428222559,60.0,0.0
short_end_exploration,57.0,195.0357976590155,-15.035797659015486,41.78917875869805,138.21082124130194,0.0,0.0,-48.28819654961625,-12.97112462300896,29.999999999999996,57.00000000000001,108.28819654961625,-12.971124623008965,60.0,0.0
short_end_exploration,58.0,193.38302865346841,-13.383028653468415,41.49845725581559,138.5015427441844,0.0,0.0,-48.64222403121851,-11.572987570059354,30.000000000000004,58.00000000000002,108.6422240312185,-11.572987570059361,60.0,0.0
short_end_exploration,59.0,191.80967008516944,-11.809670085169449,41.251271783407375,138.7487282165926,0.0,0.0,-48.941643051748215,-10.23306285504326,29.999999999999996,59.000000000000014,108.9416430517482,-10.233062855043267,60.0,0.0
short_end_exploration,60.0,190.30567539726357,-10.305675397263562,41.042517171692836,138.95748282830718,0.0,0.0,-49.193366098311046,-8.94498361751112,30.000000000000004,60.00000000000001,109.19336609831105,-8.944983617511125,60.0,0.0
short_end_exploration,61.0,188.8627932340826,-8.8627932340826,40.86799309538566,139.13200690461434,0.0,0.0,-49.40300616860674,-7.7034395892097685,30.000000000000004,61.000000000000014,109.40300616860674,-7.703439589209775,60.0,0.0
short_end_exploration,62.0,187.47415049719123,-7.474150497191245,40.72419663970165,139.27580336029837,0.0,0.0,-49.57518242640205,-6.503943987224793,30.000000000000004,62.0,109.57518242640205,-6.5039439872248,60.0,0.0
short_end_exploration,63.0,186.1339518843347,-6.13395188433468,40.608172386717264,139.39182761328274,0.0,0.0,-49.7137400214436,-5.342663481852234,30.0,63.000000000000014,109.7137400214436,-5.342663481852218,60.0,0.0
short_end_exploration,64.0,184.83725845462786,-4.837258454627877,40.51740162426995,139.48259837573005,0.0,0.0,-49.82191171532793,-4.2162913834400015,30.000000000000018,64.0,109.82191171532793,-4.216291383440029,60.0,0.0
short_end_exploration,65.0,183.57982121649212,-3.579821216492099,40.449718862336155,139.55028113766386,0.0,0.0,-49.90243902439025,-3.1219512195121766,29.999999999999993,65.0,109.90243902439025,-3.1219512195121606,60.0,0.0
short_end_exploration,66.0,182.35795390251866,-2.3579539025186524,40.4032478457274,139.5967521542726,0.0,0.0,-49.957664560912455,-2.057122169282211,30.000000000000004,65.99999999999999,109.95766456091245,-2.0571221692822172,60.0,0.0
short_end_exploration,67.0,181.1684342147262,-1.1684342147262257,40.376351766100136,139.62364823389987,0.0,0.0,-49.98960347447317,-1.0195805338179464,30.000000000000014,67.0,109.98960347447317,-1.0195805338179635,60.0,0.0
short_end_exploration,68.0,180.00842612330638,-0.008426123306412498,40.367593999715695,139.63240600028428,0.0,0.0,-49.999999459307475,-0.007353179717251632,30.00000000000001,68.00000000000001,109.99999945930747,-0.007353179717291061,60.0,0.0
short_end_exploration,69.0,178.87541798199766,1.124582018002354,40.375706771928,139.624293228072,0.0,0.0,-49.990369184321445,0.981319935212249,30.00000000000001,69.0,109.99036918432145,0.9813199352122429,60.0,0.0
baseline_70_120,70.0,177.76717269571301,2.232827304286983,40.39956587646149,139.6004341235385,0.0,0.0,-49.962037915714824,1.9480162495921076,30.000000000000007,70.0,109.96203791571482,1.94801624959209,60.0,0.0
baseline_70_120,71.0,176.68168719049638,3.318312809503622,40.438170079351714,139.5618299206483,0.0,0.0,-49.91616835372537,2.8941556424191717,30.000000000000004,70.99999999999999,109.91616835372537,2.8941556424191655,60.0,0.0
baseline_70_120,72.0,175.6171591473811,4.382840852618892,40.490624189996616,139.50937581000338,0.0,0.0,-49.85378418028449,3.8210211862296792,30.000000000000004,72.00000000000003,109.85378418028449,3.821021186229673,60.0,0.0
baseline_70_120,73.0,174.57195946889732,5.428040531102688,40.55612503353334,139.44387496646667,0.0,0.0,-49.77578944051519,4.729776482403513,30.00000000000001,73.0,109.7757894405152,4.729776482403507,60.0,0.0
baseline_70_120,74.0,173.54460931387655,6.455390686123437,40.63394974121261,139.3660502587874,0.0,0.0,-49.6829846106904,5.621480247577212,30.000000000000007,74.00000000000001,109.6829846106904,5.621480247577195,60.0,0.0
baseline_70_120,75.0,172.53376080524905,7.466239194750943,40.723445909470485,139.27655409052952,0.0,0.0,-49.57608000717968,6.497098669538563,29.999999999999996,75.00000000000003,109.57608000717967,6.4970986695385555,60.0,0.0
baseline_70_120,76.0,171.53818071527485,8.461819284725163,40.82402327808197,139.17597672191803,0.0,0.0,-49.455707043942034,7.357515938398177,30.000000000000004,75.99999999999999,109.45570704394203,7.35751593839817,60.0,0.0
baseline_70_120,77.0,170.55673658266082,9.44326341733918,40.93514665277578,139.06485334722421,0.0,0.0,-49.322427735833415,8.20354327370135,30.00000000000001,77.0,109.32242773583341,8.203543273701344,60.0,0.0
baseline_70_120,78.0,169.58838482986874,10.411615170131217,41.056329854713184,138.94367014528677,0.0,0.0,-49.1767427613549,9.035926703085243,30.000000000000018,77.99999999999999,109.1767427613549,9.035926703085215,60.0,0.0
baseline_70_120,79.0,168.63216053618083,11.367839463819141,41.18713052302172,138.81286947697828,0.0,0.0,-49.01909833441104,9.855353797877637,30.000000000000007,79.0,109.01909833441104,9.85535379787762,60.0,0.0
baseline_70_120,80.0,167.68716858958544,12.312831410414548,41.32714563050765,138.67285436949234,0.0,0.0,-48.849892085141754,10.66245953192816,30.00000000000001,79.99999999999997,108.84989208514176,10.662459531928155,60.0,0.0
baseline_70_120,81.0,166.75257599319332,13.247424006806675,41.47600759919655,138.52399240080345,0.0,0.0,-48.66947811130115,11.457831399247363,30.000000000000004,81.00000000000001,108.66947811130115,11.457831399247357,60.0,0.0
baseline_70_120,82.0,165.8276051432891,14.172394856710898,41.633380923250805,138.3666190767492,0.0,0.0,-48.47817133133613,12.242013901708344,29.999999999999996,81.99999999999999,108.47817133133613,12.242013901708349,60.0,0.0
baseline_70_120,83.0,164.91152792890676,15.088472071093237,41.79895922340806,138.20104077659195,0.0,0.0,-48.27625124631202,13.015512498667016,29.999999999999996,83.00000000000001,108.27625124631201,13.015512498667022,60.0,0.0
baseline_70_120,84.0,164.00366052896516,15.99633947103483,41.972462670353366,138.02753732964663,0.0,0.0,-48.06396519869252,13.778797094771168,30.000000000000004,84.00000000000001,108.06396519869251,13.778797094771162,60.0,0.0
baseline_70_120,85.0,163.10335880398208,16.896641196017946,42.15363572512272,137.8463642748773,0.0,0.0,-47.84153120061448,14.53230512962865,30.000000000000004,84.99999999999999,107.84153120061448,14.532305129628657,60.0,0.0
baseline_70_120,86.0,162.21001419632836,17.78998580367162,42.34224515329271,137.6577548467073,0.0,0.0,-47.60914039188202,15.276444322749573,30.000000000000014,86.00000000000001,107.60914039188204,15.276444322749544,60.0,0.0
baseline_70_120,87.0,161.32305006673735,18.67694993326266,42.53807827677164,137.46192172322836,0.0,0.0,-47.36695917780792,16.011595118784346,30.0,87.0,107.36695917780791,16.011595118784342,60.0,0.0
baseline_70_120,88.0,160.44191840600428,19.558081593995723,42.74094143279929,137.2590585672007,0.0,0.0,-47.11513108876942,16.738112871171406,30.000000000000007,88.0,107.11513108876942,16.73811287117139,60.0,0.0
baseline_70_120,89.0,159.56609687000991,20.43390312999006,42.950658614542135,137.04934138545784,0.0,0.0,-46.85377839654689,17.456329796588868,30.000000000000007,89.00000000000001,106.85377839654689,17.45632979658885,60.0,0.0
baseline_70_120,90.0,158.69508609376877,21.304913906231246,43.16707027163909,136.83292972836094,0.0,0.0,-46.58300351688184,18.166556727849503,29.999999999999996,89.99999999999999,106.58300351688185,18.16655672784951,60.0,0.0
baseline_70_120,91.0,157.82840724645217,22.17159275354782,43.39003225236593,136.60996774763407,0.0,0.0,-46.30289022299894,18.869084688900777,30.000000000000007,91.00000000000003,106.30289022299894,18.86908468890076,60.0,0.0
baseline_70_120,92.0,156.96559979451297,23.034400205487035,43.61941487186975,136.38058512813026,0.0,0.0,-46.013504690900895,19.56418631225029,30.000000000000007,91.99999999999999,106.0135046909009,19.564186312250293,60.0,0.0
baseline_70_120,93.0,156.10621944432867,23.893780555671338,43.855102093278525,136.1448979067215,0.0,0.0,-45.714896393920846,20.252117116318562,30.0,93.0,105.71489639392084,20.252117116318566,60.0,0.0
baseline_70_120,94.0,155.24983623934867,24.75016376065134,44.09699081049237,135.90300918950763,0.0,0.0,-45.40709886118943,20.93311665782642,30.0,93.99999999999999,105.40709886118943,20.933116657826425,60.0,0.0
baseline_70_120,95.0,154.39603278968747,25.603967210312522,44.34499022318156,135.65500977681845,0.0,0.0,-45.09013031224659,21.60740957228841,30.000000000000004,95.0,105.0901303122466,21.607409572288404,60.0,0.0
baseline_70_120,96.0,153.5444026145594,26.455597385440612,44.59902129599839,135.4009787040016,0.0,0.0,-44.76399417792741,22.275206513935654,30.0,95.99999999999999,104.7639941779274,22.27520651393565,60.0,0.0
baseline_70_120,97.0,152.69454857996922,27.305451420030778,44.859016295306,135.140983704694,0.0,0.0,-44.42867951581109,22.936705004890047,29.999999999999996,97.00000000000001,104.42867951581108,22.93670500489004,60.0,0.0
baseline_70_120,98.0,151.84608141572727,28.153918584272716,45.124918397866544,134.87508160213346,0.0,0.0,-44.08416132689272,23.592090202110047,30.00000000000001,98.00000000000003,104.08416132689271,23.59209020211003,60.0,0.0
baseline_70_120,99.0,150.99861829718878,29.001381702811205,45.39668136694954,134.60331863305046,0.0,0.0,-43.73040077867096,24.241535589496262,30.000000000000004,99.0,103.73040077867095,24.241535589496255,60.0,0.0
baseline_70_120,100.0,150.1517814781707,29.84821852182927,45.67426929224077,134.32573070775922,0.0,0.0,-43.36734533850674,24.885203601552035,30.00000000000002,99.99999999999997,103.36734533850675,24.88520360155202,60.0,0.0
baseline_70_120,101.0,149.30519696229854,30.694803037701465,45.95765639077791,134.0423436092221,0.0,0.0,-42.99492881986136,25.523246184117262,30.00000000000001,101.00000000000001,102.99492881986136,25.523246184117255,60.0,0.0
baseline_70_120,102.0,148.4584932006052,31.541506799394785,46.24682686692904,133.75317313307096,0.0,0.0,-42.613071342839675,26.155805296913652,30.000000000000004,102.00000000000001,102.61307134283967,26.155805296913645,60.0,0.0
baseline_70_120,103.0,147.61129980355832,32.38870019644165,46.54177483018519,133.4582251698148,0.0,0.0,-42.221679209315326,26.783013361936526,30.00000000000001,103.00000000000001,102.22167920931533,26.78301336193651,60.0,0.0
baseline_70_120,104.0,146.76324625583806,33.23675374416193,46.84250427027155,133.15749572972845,0.0,0.0,-41.82064469177485,27.404993661088923,30.000000000000007,104.00000000000001,101.82064469177486,27.40499366108891,60.0,0.0
baseline_70_120,105.0,145.91396062212837,34.08603937787163,47.14902908981418,132.85097091018582,0.0,0.0,-41.409845733859015,28.0218606858645,30.000000000000018,105.0,101.40984573385903,28.021860685864493,60.0,0.0
baseline_70_120,106.0,145.06306823191665,34.936931768083376,47.461373195544915,132.53862680445508,0.0,0.0,-40.989145559374826,28.6337204413325,29.999999999999996,105.99999999999999,100.98914555937483,28.633720441332507,60.0,0.0
baseline_70_120,107.0,144.2101903308081,35.7898096691919,47.77957064980339,132.22042935019658,0.0,0.0,-40.5583921852731,29.240670706151363,30.00000000000001,107.00000000000001,100.55839218527309,29.240670706151345,60.0,0.0
baseline_70_120,108.0,143.35494268513904,36.64505731486094,48.10366588492274,131.89633411507725,0.0,0.0,-40.11741783270064,29.84280124982427,30.000000000000018,108.0,100.11741783270064,29.842801249824255,60.0,0.0
baseline_70_120,109.0,142.4969341256876,37.50306587431238,48.43371398398275,131.56628601601722,0.0,0.0,-39.666038228708054,30.440194007901322,30.00000000000002,109.00000000000001,99.66603822870806,30.44019400790131,60.0,0.0
baseline_70_120,110.0,141.6357650150057,38.364234984994305,48.76978103240681,131.23021896759317,0.0,0.0,-39.20405178948288,31.032923215313506,30.000000000000004,109.99999999999997,99.20405178948289,31.032923215313502,60.0,0.0
baseline_70_120,111.0,140.7710256212803,39.22897437871969,49.11194454599392,130.8880554540061,0.0,0.0,-38.73123867403272,31.62105549748636,30.000000000000007,111.00000000000003,98.73123867403274,31.621055497486346,60.0,0.0
baseline_70_120,112.0,139.90229437962873,40.09770562037126,49.46029398224586,130.53970601775413,0.0,0.0,-38.24735969500853,32.20464991830587,30.00000000000002,112.0,98.24735969500853,32.20464991830585,60.0,0.0
baseline_70_120,113.0,139.02913601925943,40.970863980740575,49.81493134331522,130.18506865668476,0.0,0.0,-37.752155070759564,32.7837579833875,30.000000000000018,112.99999999999997,97.75215507075957,32.783757983387495,60.0,0.0
baseline_70_120,114.0,138.15109953190918,41.848900468090825,50.175971880605886,129.82402811939411,0.0,0.0,-37.24534299966765,33.35842359640378,30.000000000000007,113.99999999999999,97.24534299966766,33.35842359640378,60.0,0.0
baseline_70_120,115.0,137.26771595327025,42.73228404672974,50.54354491306866,129.45645508693136,0.0,0.0,-36.72661803420439,33.92868296544464,30.000000000000018,114.99999999999999,96.7266180342044,33.92868296544463,60.0,0.0
baseline_70_120,116.0,136.37849592461222,43.62150407538778,50.91779477362117,129.08220522637885,0.0,0.0,-36.19564922786423,34.494564455482134,29.99999999999999,116.0,96.19564922786422,34.49456445548214,60.0,0.0
baseline_70_120,117.0,135.48292699628945,44.51707300371053,51.29888190097818,128.7011180990218,0.0,0.0,-35.65207802297447,35.05608838195929,30.00000000000002,117.0,95.65207802297448,35.05608838195928,60.0,0.0
baseline_70_120,118.0,134.58047062807142,45.41952937192859,51.68698409762503,128.31301590237496,0.0,0.0,-35.09551584115915,35.61326673927776,30.000000000000004,118.0,95.09551584115914,35.613266739277755,60.0,0.0
baseline_70_120,119.0,133.67055883292988,46.32944116707011,52.08229797885179,127.9177020211482,0.0,0.0,-34.525541330662286,36.166102856469486,30.00000000000001,118.99999999999999,94.52554133066229,36.16610285646948,60.0,0.0
baseline_70_120,120.0,132.7525904006719,47.2474095993281,52.48504064288669,127.51495935711331,0.0,0.0,-33.94169721546683,36.71459097053338,30.0,120.0,93.94169721546683,36.71459097053338,60.0,0.0
long_end_exploration,121.0,131.8259266250994,48.1740733749006,52.8954515984726,127.10454840152742,0.0,0.0,-33.34348667971986,37.25871570571568,30.000000000000004,121.0,93.34348667971987,37.25871570571569,60.0,0.0
long_end_exploration,122.0,130.88988644253496,49.11011355746504,53.31379499405346,126.68620500594653,0.0,0.0,-32.73036920679792,37.798451444294585,30.000000000000007,122.0,92.73036920679792,37.798451444294585,60.0,0.0
long_end_exploration,123.0,129.9437408696813,50.056259130318686,53.740362202508834,126.25963779749118,0.0,0.0,-32.10175577463069,38.33376157104812,30.0,122.99999999999997,92.10175577463069,38.33376157104812,60.0,0.0
long_end_exploration,124.0,128.98670660369632,51.013293396303695,54.17547482767443,125.82452517232556,0.0,0.0,-31.4570032866023,38.864597569339274,30.000000000000007,123.99999999999999,91.4570032866023,38.864597569339274,60.0,0.0
long_end_exploration,125.0,128.01793861546687,51.982061384533125,54.619488214487106,125.38051178551288,0.0,0.0,-30.795408089065997,39.39089794137586,30.000000000000014,125.0,90.795408089066,39.39089794137585,60.0,0.0
long_end_exploration,126.0,127.03652152619448,52.96347847380552,55.072795564542865,124.92720443545713,0.0,0.0,-30.11619839034053,39.91258691833506,30.00000000000001,126.0,90.11619839034053,39.91258691833505,60.0,0.0
long_end_exploration,127.0,126.04145950460354,53.95854049539643,55.5358327845898,124.46416721541017,0.0,0.0,-29.418525349413397,40.429572917184295,30.00000000000003,127.0,89.41852534941341,40.42957291718427,60.0,0.0
long_end_exploration,128.0,125.03166435325141,54.96833564674855,56.00908422897964,123.99091577102035,0.0,0.0,-28.70145254186391,40.94174668949939,30.00000000000004,128.0,88.70145254186394,40.94174668949936,60.0,0.0
long_end_exploration,129.0,124.00594136182362,55.99405863817635,56.493089541143526,123.50691045885648,0.0,0.0,-27.9639434307199,41.448979092415506,30.000000000000018,129.0,87.96394343071992,41.44897909241549,60.0,0.0
long_end_exploration,130.0,122.96297238480786,57.0370276151921,56.98845185767601,123.01154814232399,0.0,0.0,-27.204846363964332,41.95111839168411,30.000000000000032,130.0,87.20484636396436,41.95111839168409,60.0,0.0
long_end_exploration,131.0,121.9012954388719,58.09870456112807,57.495847717248374,122.5041522827516,0.0,0.0,-26.42287647800036,42.447986979694754,30.00000000000003,131.0,86.42287647800039,42.44798697969473,60.0,0.0
long_end_exploration,132.0,120.81927989458987,59.18072010541012,58.0160391235582,121.9839608764418,0.0,0.0,-25.616593692691954,42.93937735439971,30.000000000000014,132.0,85.61659369269196,42.9393773543997,60.0,0.0
long_end_exploration,133.0,119.71509603264474,60.284903967355234,58.54988835903374,121.45011164096626,0.0,0.0,-24.784375716612047,43.425047154123064,30.00000000000003,133.00000000000003,84.78437571661208,43.42504715412304,60.0,0.0
long_end_exploration,134.0,118.58667730825981,61.41332269174019,59.09837635239023,120.90162364760975,0.0,0.0,-23.924384607704184,43.904712971874076,30.000000000000018,133.99999999999997,83.92438460770418,43.90471297187407,60.0,0.0
long_end_exploration,135.0,117.43167306102207,62.568326938977904,59.6626256965242,120.33737430347577,0.0,0.0,-23.034524903855655,44.378042571227205,30.00000000000003,135.0,83.03452490385568,44.37804257122719,60.0,0.0
long_end_exploration,136.0,116.24738852896344,63.75261147103656,60.24392983771818,119.75607016228183,0.0,0.0,-22.112390570253755,44.84464497873245,30.0,136.0,82.11239057025375,44.84464497873245,60.0,0.0
long_end_exploration,137.0,115.03070772906241,64.96929227093756,60.843790583373455,119.15620941662652,0.0,0.0,-21.155196878253417,45.304057710566475,30.000000000000032,137.0,81.15519687825343,45.30405771056646,60.0,0.0
long_end_exploration,138.0,113.77799280997071,66.22200719002926,61.46396701961899,118.53603298038101,0.0,0.0,-20.15969162416375,45.755730063224014,30.00000000000002,138.0,80.15969162416377,45.75573006322401,60.0,0.0
long_end_exploration,139.0,112.48495045862573,67.51504954137415,62.10654038851087,117.8934596114891,0.0,0.0,-19.122037461448897,46.19900089096024,30.00000000000007,139.0,79.12203746144898,46.199000890960214,60.0,0.0
long_end_exploration,140.0,111.14645113788292,68.85354886211708,62.77400178977116,117.22599821022885,0.0,0.0,-18.037652938029883,46.63306848672069,30.000000000000007,139.99999999999997,78.0376529380299,46.63306848672069,60.0,0.0
long_end_exploration,141.0,109.7562790575585,70.2437209424415,63.46937336392471,116.5306266360753,0.0,0.0,-16.900992983416344,47.056948861719796,30.0,141.0,76.90099298341634,47.056948861719796,60.0,0.0
long_end_exploration,142.0,108.30677740395225,71.69322259604772,64.1963800504448,115.80361994955517,0.0,0.0,-15.705237971217693,47.46941647279249,30.00000000000004,142.0,75.70523797121773,47.46941647279247,60.0,0.0
long_end_exploration,143.0,106.78832966297284,73.21167033702712,64.95970040479214,115.04029959520784,0.0,0.0,-14.441839927837972,47.86891746737861,30.00000000000003,143.00000000000003,74.441839927838,47.8689174673786,60.0,0.0
long_end_exploration,144.0,105.18857381437502,74.81142618562497,65.7653461252907,114.2346538747093,0.0,0.0,-13.099836271929444,48.25343811220753,30.00000000000001,144.00000000000003,73.09983627192945,48.253438112207526,60.0,0.0
long_end_exploration,145.0,103.49115929496561,76.50884070503439,66.62126164912162,113.37873835087836,0.0,0.0,-11.664766248574661,48.62029646522236,30.000000000000014,145.00000000000003,71.66476624857467,48.62029646522235,60.0,0.0
long_end_exploration,146.0,101.67367260498025,78.32632739501975,67.53832345192683,112.46167654807319,0.0,0.0,-10.116866067518123,48.965794397435246,30.000000000000004,146.00000000000003,70.11686606751813,48.965794397435246,60.0,0.0
long_end_exploration,147.0,99.70393110374349,80.29606889625636,68.53212303005607,111.46787696994389,0.0,0.0,-8.427850448844532,49.28459532969619,30.000000000000096,147.0,68.42785044884467,49.28459532969617,60.0,0.0
long_end_exploration,148.0,97.53273510192564,82.46726489807436,69.62644887884845,110.37355112115155,0.0,0.0,-6.5546309171297334,49.568506266985764,30.000000000000007,148.00000000000003,66.55463091712974,49.568506266985764,60.0,0.0
long_end_exploration,149.0,95.07778512726124,84.92221487273868,70.86100171396885,109.13899828603114,0.0,0.0,-4.425405124546146,49.80377284386837,30.000000000000043,149.00000000000003,64.42540512454622,49.803772843868366,60.0,0.0
long_end_exploration,150.0,92.18043088986194,87.81956911013806,72.31211163885803,107.68788836114197,0.0,0.0,-1.9023256599520615,49.963798465323755,30.0,150.00000000000003,61.90232565995207,49.963798465323755,60.0,0.0
long_end_exploration,151.0,88.44165421286422,91.55834578713578,74.17117310392317,105.82882689607682,0.0,0.0,1.3597455847307094,49.98150749972239,30.000000000000004,151.00000000000003,58.6402544152693,49.98150749972239,60.0,0.0
long_end_exploration,152.0,81.29048334312044,98.70951665687956,77.6661758491125,102.3338241508875,0.0,0.0,7.571250201272338,49.4234374602752,30.0,152.0,52.428749798727665,49.4234374602752,60.0,0.0
